USE [QuanLyKhachSan];
GO
DELETE FROM [dbo].[KhachHang];
GO
INSERT INTO [dbo].[KhachHang] ([maKH], [hoTen], [gioiTinh], [ngaySinh], [cccd], [sdt], [email], [diaChi]) VALUES
('KH001', N'Nguyễn Văn An', N'Nam', '1994-03-15', '079345678901', '0987456321', 'nguyenvanan@gmail.com', N'Quận 1, TP.HCM'),
('KH002', N'Trần Thị Bình', N'Nữ', '1997-07-22', '032456789012', '0978645322', 'tranthibinh@yahoo.com', N'Quận 3, TP.HCM'),
('KH003', N'Lê Minh Cường', N'Nam', '1992-11-01', '045678901234', '0968534323', 'leminhcuong@outlook.com', N'Quận Hải Châu, Đà Nẵng'),
('KH004', N'Phạm Thị Dung', N'Nữ', '1998-02-08', '067890123456', '0907654324', 'phamthidung@gmail.com', N'Quận Hoàn Kiếm, Hà Nội'),
('KH005', N'Hoàng Văn Đức', N'Nam', '1991-09-19', '089012345678', '0918765435', 'hoangvanduc@gmail.com', N'Quận Ninh Kiều, Cần Thơ'),
('KH006', N'Nguyễn Thị Hạnh', N'Nữ', '1999-01-28', '045678901235', '0938456326', 'nguyenthihanh@yahoo.com', N'Quận Bình Thạnh, TP.HCM'),
('KH007', N'Đỗ Minh Hải', N'Nam', '1995-12-14', '032456789013', '0978845327', 'domin hh@gmail.com', N'Thanh Xuân, Hà Nội'),
('KH008', N'Võ Thị Hoa', N'Nữ', '1997-05-11', '056789012346', '0967532438', 'vothihoa@gmail.com', N'Hải Châu, Đà Nẵng'),
('KH009', N'Nguyễn Văn Hậu', N'Nam', '1990-04-17', '067890123457', '0908345629', 'nguyenvanhau@gmail.com', N'Tân Bình, TP.HCM'),
('KH010', N'Lê Thị Hương', N'Nữ', '1993-06-23', '079012345679', '0977534630', 'lethihuong@yahoo.com', N'Ba Đình, Hà Nội'),
('KH011', N'Trần Quang Huy', N'Nam', '1994-02-12', '011234567890', '0906745121', 'tranquanghuy@gmail.com', N'Quận 5, TP.HCM'),
('KH012', N'Phạm Thanh Hương', N'Nữ', '1996-10-29', '012345678901', '0937845322', 'phamthanhhuong@yahoo.com', N'Đống Đa, Hà Nội'),
('KH013', N'Nguyễn Văn Khánh', N'Nam', '1998-09-18', '034567890123', '0968345723', 'nguyenvankhanh@gmail.com', N'Cầu Giấy, Hà Nội'),
('KH014', N'Trần Thị Kim', N'Nữ', '2000-12-11', '045678901236', '0979845324', 'tranthikim@gmail.com', N'Liên Chiểu, Đà Nẵng'),
('KH015', N'Lê Hữu Khoa', N'Nam', '1995-01-25', '056789012347', '0907645325', 'lehuukhoa@gmail.com', N'Thủ Đức, TP.HCM'),
('KH016', N'Phan Thị Lan', N'Nữ', '1993-08-09', '067890123458', '0938456326', 'phanthilan@gmail.com', N'Hoàn Kiếm, Hà Nội'),
('KH017', N'Hoàng Văn Long', N'Nam', '1992-03-13', '078901234569', '0987456327', 'hoangvanlong@gmail.com', N'Bình Thạnh, TP.HCM'),
('KH018', N'Vũ Thị Lệ', N'Nữ', '1999-07-07', '089012345679', '0918645328', 'vuthile@gmail.com', N'Thanh Xuân, Hà Nội'),
('KH019', N'Đặng Minh Nam', N'Nam', '1994-11-03', '011234567891', '0906745329', 'dangminhnam@gmail.com', N'Quận 10, TP.HCM'),
('KH020', N'Nguyễn Thị Ngọc', N'Nữ', '1996-02-27', '022345678902', '0978534430', 'nguyenth ingoc@gmail.com', N'Hải Châu, Đà Nẵng'),
('KH021', N'Phạm Văn Nghĩa', N'Nam', '1990-05-30', '033456789013', '0938645341', 'phamvannghia@gmail.com', N'Ba Đình, Hà Nội'),
('KH022', N'Trần Thị Nhung', N'Nữ', '1999-04-18', '044567890124', '0968534352', 'tranthinhung@gmail.com', N'Tân Bình, TP.HCM'),
('KH023', N'Lê Quang Phúc', N'Nam', '1991-09-14', '055678901235', '0907645363', 'lequangphuc@gmail.com', N'Quận 3, TP.HCM'),
('KH024', N'Hoàng Thị Phượng', N'Nữ', '1998-11-28', '066789012346', '0938456374', 'hoangthiphuong@gmail.com', N'Đống Đa, Hà Nội'),
('KH025', N'Phan Minh Quân', N'Nam', '1995-06-02', '077890123457', '0978645385', 'phanminhquan@gmail.com', N'Liên Chiểu, Đà Nẵng'),
('KH026', N'Trần Thị Quỳnh', N'Nữ', '1997-10-26', '088901234568', '0907532496', 'tranthiquynh@gmail.com', N'Hoàn Kiếm, Hà Nội'),
('KH027', N'Nguyễn Văn Sơn', N'Nam', '1993-08-19', '099012345679', '0918754327', 'nguyenvanson@gmail.com', N'Thủ Đức, TP.HCM'),
('KH028', N'Lê Thị Sen', N'Nữ', '1995-02-09', '011234567892', '0938345328', 'lethisen@gmail.com', N'Hải Châu, Đà Nẵng'),
('KH029', N'Phạm Minh Tâm', N'Nam', '1994-12-01', '022345678903', '0968345329', 'phamminhtam@gmail.com', N'Cầu Giấy, Hà Nội'),
('KH030', N'Nguyễn Thị Trang', N'Nữ', '1999-03-21', '033456789014', '0907545430', 'nguyenthitrang@gmail.com', N'Bình Thạnh, TP.HCM'),
('KH031', N'Vũ Hữu Thành', N'Nam', '1991-06-17', '044567890125', '0918645431', 'vuhuuthanh@gmail.com', N'Thanh Xuân, Hà Nội'),
('KH032', N'Trần Thị Thu', N'Nữ', '1996-11-11', '055678901236', '0938345532', 'tranthithu@gmail.com', N'Quận 1, TP.HCM'),
('KH033', N'Lê Minh Tiến', N'Nam', '1993-05-30', '066789012347', '0978645633', 'leminhtien@gmail.com', N'Quận 5, TP.HCM'),
('KH034', N'Phạm Thị Tố', N'Nữ', '1998-09-12', '077890123458', '0907645734', 'phamthito@gmail.com', N'Cầu Giấy, Hà Nội'),
('KH035', N'Hoàng Văn Toàn', N'Nam', '1994-04-14', '088901234569', '0918455735', 'hoangvantoan@gmail.com', N'Tân Phú, TP.HCM'),
('KH036', N'Nguyễn Thị Tú', N'Nữ', '1999-01-18', '099012345680', '0978755736', 'nguyenthitu@gmail.com', N'Thanh Xuân, Hà Nội'),
('KH037', N'Lê Hồng Vân', N'Nữ', '1998-10-25', '011234567893', '0907845737', 'lehngvan@gmail.com', N'Hải Châu, Đà Nẵng'),
('KH038', N'Phan Minh Vũ', N'Nam', '1995-07-02', '022345678904', '0938945738', 'phanminhvu@gmail.com', N'Bình Thạnh, TP.HCM'),
('KH039', N'Đỗ Thị Xuân', N'Nữ', '1997-12-27', '033456789015', '0968345739', 'dothixuan@gmail.com', N'Hoàn Kiếm, Hà Nội'),
('KH040', N'Nguyễn Quốc Anh', N'Nam', '1992-03-06', '044567890126', '0907645740', 'nguyenquocanh@gmail.com', N'Quận 10, TP.HCM'),
('KH041', N'Võ Thị Bích', N'Nữ', '1996-05-12', '055678901237', '0978545741', 'vothibich@gmail.com', N'Cầu Giấy, Hà Nội'),
('KH042', N'Lê Minh Đức', N'Nam', '1993-09-23', '066789012348', '0907545742', 'leminhduc@gmail.com', N'Thủ Đức, TP.HCM'),
('KH043', N'Nguyễn Thị Hà', N'Nữ', '1999-11-30', '077890123459', '0938345743', 'nguyenthih a@gmail.com', N'Đống Đa, Hà Nội'),
('KH044', N'Trần Minh Hải', N'Nam', '1994-07-17', '088901234570', '0968345744', 'tranminhhai@gmail.com', N'Hải Châu, Đà Nẵng'),
('KH045', N'Phạm Thị Hằng', N'Nữ', '1997-02-15', '099012345681', '0907845745', 'phamthihang@gmail.com', N'Tân Bình, TP.HCM'),
('KH046', N'Lê Quang Hòa', N'Nam', '1995-05-19', '011234567894', '0938945746', 'lequanghoa@gmail.com', N'Cầu Giấy, Hà Nội'),
('KH047', N'Trần Thị Hồng', N'Nữ', '1998-01-29', '022345678905', '0978745747', 'tranthihong@gmail.com', N'Bình Thạnh, TP.HCM'),
('KH048', N'Nguyễn Văn Hùng', N'Nam', '1993-12-04', '033456789016', '0907645748', 'nguyenvanhung@gmail.com', N'Thủ Đức, TP.HCM'),
('KH049', N'Phan Thị Hương', N'Nữ', '1999-04-08', '044567890127', '0918645749', 'phanthihuong@gmail.com', N'Đống Đa, Hà Nội'),
('KH050', N'Đặng Quốc Khánh', N'Nam', '1992-08-19', '055678901238', '0978345750', 'dangquockhanh@gmail.com', N'Tân Phú, TP.HCM'),
('KH051', N'Trần Thị Kim Liên', N'Nữ', '1998-07-14', '066789012349', '0907845751', 'tranthikimlien@gmail.com', N'Quận Hải Châu, Đà Nẵng'),
('KH052', N'Lê Minh Lộc', N'Nam', '1994-03-22', '077890123460', '0938945752', 'leminhloc@gmail.com', N'Tân Bình, TP.HCM'),
('KH053', N'Phạm Thị Mai', N'Nữ', '1997-06-11', '088901234571', '0968345753', 'phamthimai@gmail.com', N'Cầu Giấy, Hà Nội'),
('KH054', N'Hoàng Minh Mẫn', N'Nam', '1995-12-28', '099012345682', '0907545754', 'hoangminhman@gmail.com', N'Quận 5, TP.HCM'),
('KH055', N'Nguyễn Thị Mỹ', N'Nữ', '1999-09-07', '011234567895', '0978345755', 'nguyenthimy@gmail.com', N'Đống Đa, Hà Nội'),
('KH056', N'Phan Thanh Nam', N'Nam', '1993-02-10', '022345678906', '0918545756', 'phanthanhnam@gmail.com', N'Thanh Xuân, Hà Nội'),
('KH057', N'Lê Thị Nga', N'Nữ', '1996-08-03', '033456789017', '0907645757', 'lethinga@gmail.com', N'Bình Thạnh, TP.HCM'),
('KH058', N'Trần Quang Ngọc', N'Nam', '1991-01-15', '044567890128', '0978645758', 'tranquangngoc@gmail.com', N'Thủ Đức, TP.HCM'),
('KH059', N'Nguyễn Thị Nhung', N'Nữ', '1998-03-26', '055678901239', '0938745759', 'nguyenthinhung@gmail.com', N'Ba Đình, Hà Nội'),
('KH060', N'Phạm Minh Phát', N'Nam', '1994-05-20', '066789012350', '0968345760', 'phamminhphat@gmail.com', N'Tân Phú, TP.HCM'),
('KH061', N'Lê Thị Phương', N'Nữ', '1997-09-18', '077890123461', '0907645761', 'lethiphuong@gmail.com', N'Cầu Giấy, Hà Nội'),
('KH062', N'Nguyễn Văn Quang', N'Nam', '1992-04-11', '088901234572', '0978745762', 'nguyenvanquang@gmail.com', N'Thủ Đức, TP.HCM'),
('KH063', N'Trần Thị Quyên', N'Nữ', '1999-11-09', '099012345683', '0938845763', 'tranthiquyen@gmail.com', N'Thanh Xuân, Hà Nội'),
('KH064', N'Phạm Hoàng Sơn', N'Nam', '1993-06-17', '011234567896', '0907545764', 'phamhoangson@gmail.com', N'Quận 3, TP.HCM'),
('KH065', N'Lê Thị Thanh', N'Nữ', '1996-10-01', '022345678907', '0978645765', 'lethithanh@gmail.com', N'Cầu Giấy, Hà Nội'),
('KH066', N'Võ Văn Thắng', N'Nam', '1995-08-28', '033456789018', '0918745766', 'vovanthang@gmail.com', N'Quận Hải Châu, Đà Nẵng'),
('KH067', N'Nguyễn Thị Thảo', N'Nữ', '1999-12-23', '044567890129', '0907645767', 'nguyenthithao@gmail.com', N'Thủ Đức, TP.HCM'),
('KH068', N'Trần Quốc Thịnh', N'Nam', '1991-07-19', '055678901240', '0978845768', 'tranquocthinh@gmail.com', N'Tân Phú, TP.HCM'),
('KH069', N'Lê Thị Thúy', N'Nữ', '1998-02-26', '066789012351', '0938945769', 'lethithuy@gmail.com', N'Hoàn Kiếm, Hà Nội'),
('KH070', N'Phan Văn Tiến', N'Nam', '1993-09-29', '077890123462', '0968345770', 'phanvantien@gmail.com', N'Quận 10, TP.HCM'),
('KH071', N'Trần Thị Trang', N'Nữ', '1997-03-07', '088901234573', '0907645771', 'tranthitrang@gmail.com', N'Cầu Giấy, Hà Nội'),
('KH072', N'Nguyễn Đức Trung', N'Nam', '1994-12-14', '099012345684', '0978745772', 'nguyenductrung@gmail.com', N'Tân Bình, TP.HCM'),
('KH073', N'Lê Thị Tươi', N'Nữ', '1999-05-03', '011234567897', '0938845773', 'lethituoi@gmail.com', N'Thanh Xuân, Hà Nội'),
('KH074', N'Phạm Văn Tùng', N'Nam', '1992-01-25', '022345678908', '0907545774', 'phamvantung@gmail.com', N'Thủ Đức, TP.HCM'),
('KH075', N'Trần Thị Tuyết', N'Nữ', '1998-06-08', '033456789019', '0978645775', 'tranthituyet@gmail.com', N'Ba Đình, Hà Nội'),
('KH076', N'Nguyễn Quang Vinh', N'Nam', '1993-11-11', '044567890130', '0918745776', 'nguyenquangvinh@gmail.com', N'Tân Phú, TP.HCM'),
('KH077', N'Lê Thị Xuân', N'Nữ', '1999-02-17', '055678901241', '0938945777', 'lethixuan@gmail.com', N'Hoàn Kiếm, Hà Nội'),
('KH078', N'Phan Văn Yên', N'Nam', '1995-04-21', '066789012352', '0968345778', 'phanvanyen@gmail.com', N'Quận 3, TP.HCM'),
('KH079', N'Nguyễn Thị Yến', N'Nữ', '1997-08-09', '077890123463', '0907645779', 'nguyenthiyen@gmail.com', N'Cầu Giấy, Hà Nội'),
('KH080', N'Trần Văn Bình', N'Nam', '1994-10-13', '088901234574', '0978745780', 'tranvanbinh@gmail.com', N'Tân Bình, TP.HCM'),
('KH081', N'Lê Thị Diễm', N'Nữ', '1999-01-30', '099012345685', '0938845781', 'lethidiem@gmail.com', N'Đống Đa, Hà Nội'),
('KH082', N'Phạm Quang Dũng', N'Nam', '1993-07-04', '011234567898', '0907545782', 'phamquangdung@gmail.com', N'Quận 5, TP.HCM'),
('KH083', N'Trần Thị Hà', N'Nữ', '1998-11-18', '022345678909', '0978645783', 'tranthiha@gmail.com', N'Thanh Xuân, Hà Nội'),
('KH084', N'Nguyễn Văn Hiếu', N'Nam', '1995-09-22', '033456789020', '0918745784', 'nguyenvanhieu@gmail.com', N'Tân Phú, TP.HCM'),
('KH085', N'Lê Thị Hòa', N'Nữ', '1997-05-29', '044567890131', '0938945785', 'lethihoa@gmail.com', N'Thủ Đức, TP.HCM'),
('KH086', N'Phan Thanh Hùng', N'Nam', '1992-03-03', '055678901242', '0968345786', 'phanthanhhung@gmail.com', N'Hoàn Kiếm, Hà Nội'),
('KH087', N'Trần Thị Huyền', N'Nữ', '1998-10-26', '066789012353', '0907645787', 'tranthihuyen@gmail.com', N'Cầu Giấy, Hà Nội'),
('KH088', N'Nguyễn Văn Khang', N'Nam', '1994-08-12', '077890123464', '0978745788', 'nguyenvankhang@gmail.com', N'Tân Bình, TP.HCM'),
('KH089', N'Lê Thị Kim', N'Nữ', '1999-06-06', '088901234575', '0938845789', 'lethikim@gmail.com', N'Thanh Xuân, Hà Nội'),
('KH090', N'Phạm Quang Long', N'Nam', '1993-11-14', '099012345686', '0907545790', 'phamquanglong@gmail.com', N'Tân Phú, TP.HCM'),
('KH091', N'Trần Thị Loan', N'Nữ', '1998-01-19', '011234567899', '0978645791', 'tranthiloan@gmail.com', N'Cầu Giấy, Hà Nội'),
('KH092', N'Nguyễn Văn Mạnh', N'Nam', '1995-07-24', '022345678910', '0918745792', 'nguyenvanmanh@gmail.com', N'Thủ Đức, TP.HCM'),
('KH093', N'Lê Thị Minh', N'Nữ', '1999-04-28', '033456789021', '0938945793', 'lethiminh@gmail.com', N'Đống Đa, Hà Nội'),
('KH094', N'Phan Văn Nam', N'Nam', '1994-09-09', '044567890132', '0968345794', 'phanvannam@gmail.com', N'Quận 10, TP.HCM'),
('KH095', N'Trần Thị Nga', N'Nữ', '1997-12-23', '055678901243', '0907645795', 'tranthinga@gmail.com', N'Hoàn Kiếm, Hà Nội'),
('KH096', N'Nguyễn Minh Nhật', N'Nam', '1993-02-17', '066789012354', '0978745796', 'nguyenminhnhat@gmail.com', N'Tân Bình, TP.HCM'),
('KH097', N'Lê Thị Như', N'Nữ', '1998-09-20', '077890123465', '0938845797', 'lethinh u@gmail.com', N'Thanh Xuân, Hà Nội'),
('KH098', N'Phạm Quang Phúc', N'Nam', '1994-06-25', '088901234576', '0907545798', 'phamquangphuc@gmail.com', N'Tân Phú, TP.HCM'),
('KH099', N'Trần Thị Phương', N'Nữ', '1999-10-10', '099012345687', '0978645799', 'tranthiphuong@gmail.com', N'Cầu Giấy, Hà Nội'),
('KH100', N'Nguyễn Quốc Quân', N'Nam', '1993-03-27', '011234567900', '0918745800', 'nguyenquocquan@gmail.com', N'Bình Thạnh, TP.HCM'),
('KH101', N'Nguyễn Văn Quân', N'Nam', '1995-04-12', '079123456901', '0912345801', 'nguyenvanquan@gmail.com', N'Tân Bình, TP.HCM'),
('KH102', N'Trần Thị Hương', N'Nữ', '1996-09-05', '079123456902', '0912345802', 'tranthihuong@gmail.com', N'Nha Trang, Khánh Hòa'),
('KH103', N'Lê Anh Tuấn', N'Nam', '1993-12-08', '079123456903', '0912345803', 'leanhtuan@gmail.com', N'Cẩm Lệ, Đà Nẵng'),
('KH104', N'Phạm Minh Ngọc', N'Nữ', '1999-07-21', '079123456904', '0912345804', 'phamminhngoc@gmail.com', N'Thủ Dầu Một, Bình Dương'),
('KH105', N'Nguyễn Đức Hòa', N'Nam', '1988-10-17', '079123456905', '0912345805', 'nguyenduchoa@gmail.com', N'Hải Châu, Đà Nẵng'),
('KH106', N'Đỗ Thị Mai', N'Nữ', '1997-03-30', '079123456906', '0912345806', 'dothimai@gmail.com', N'Pleiku, Gia Lai'),
('KH107', N'Vũ Văn Dương', N'Nam', '1992-11-14', '079123456907', '0912345807', 'vuvanduong@gmail.com', N'Long Biên, Hà Nội'),
('KH108', N'Trần Thanh Hà', N'Nữ', '1994-06-02', '079123456908', '0912345808', 'tranthanhha@gmail.com', N'Phan Rang, Ninh Thuận'),
('KH109', N'Ngô Văn Lâm', N'Nam', '1991-08-23', '079123456909', '0912345809', 'ngovanlam@gmail.com', N'Thái Bình'),
('KH110', N'Bùi Thị Thanh', N'Nữ', '1998-02-18', '079123456910', '0912345810', 'buithithanh@gmail.com', N'Nam Định'),
('KH111', N'Phan Quốc Cường', N'Nam', '1995-01-29', '079123456911', '0912345811', 'phanquoccuong@gmail.com', N'Vĩnh Long'),
('KH112', N'Lâm Thị Lan', N'Nữ', '1993-09-09', '079123456912', '0912345812', 'lamthilan@gmail.com', N'Tây Ninh'),
('KH113', N'Huỳnh Minh Quang', N'Nam', '1990-04-27', '079123456913', '0912345813', 'huynhminhquang@gmail.com', N'Cần Thơ'),
('KH114', N'Nguyễn Thị Diệu', N'Nữ', '1999-06-06', '079123456914', '0912345814', 'nguyenthidieu@gmail.com', N'Hà Đông, Hà Nội'),
('KH115', N'Trương Quốc Huy', N'Nam', '1989-10-10', '079123456915', '0912345815', 'truongquochuy@gmail.com', N'Bình Thạnh, TP.HCM'),
('KH116', N'Lê Thị Tươi', N'Nữ', '1997-01-07', '079123456916', '0912345816', 'lethituoi@gmail.com', N'Thanh Hóa'),
('KH117', N'Nguyễn Văn Nam', N'Nam', '1996-12-19', '079123456917', '0912345817', 'nguyenvannam@gmail.com', N'Đồng Nai'),
('KH118', N'Trần Thu Thảo', N'Nữ', '1994-09-15', '079123456918', '0912345818', 'tranthuthao@gmail.com', N'Phú Yên'),
('KH119', N'Võ Minh Tâm', N'Nam', '1995-05-05', '079123456919', '0912345819', 'vominhtam@gmail.com', N'Tiền Giang'),
('KH120', N'Đặng Thị Lệ', N'Nữ', '1993-03-28', '079123456920', '0912345820', 'dangthile@gmail.com', N'Hòa Bình'),
('KH121', N'Nguyễn Quốc Vũ', N'Nam', '1998-08-16', '079123456921', '0912345821', 'nguyenquocvu@gmail.com', N'Huế'),
('KH122', N'Lưu Thị Hoa', N'Nữ', '1990-02-09', '079123456922', '0912345822', 'luuthihoa@gmail.com', N'Hưng Yên'),
('KH123', N'Trần Đăng Khoa', N'Nam', '1997-07-23', '079123456923', '0912345823', 'trandangkhoa@gmail.com', N'Đà Lạt, Lâm Đồng'),
('KH124', N'Nguyễn Thị Mỹ', N'Nữ', '1999-05-19', '079123456924', '0912345824', 'nguyenthimy@gmail.com', N'Tân An, Long An'),
('KH125', N'Lê Hoàng Nam', N'Nam', '1994-10-22', '079123456925', '0912345825', 'lehoangnam@gmail.com', N'Hải Phòng'),
('KH126', N'Phạm Thị Dung', N'Nữ', '1993-11-11', '079123456926', '0912345826', 'phamthidung@gmail.com', N'Quảng Bình'),
('KH127', N'Trần Văn Toàn', N'Nam', '1990-01-05', '079123456927', '0912345827', 'tranvantoan@gmail.com', N'Nghệ An'),
('KH128', N'Vũ Thị Kim', N'Nữ', '1996-06-24', '079123456928', '0912345828', 'vuthikim@gmail.com', N'Thanh Trì, Hà Nội'),
('KH129', N'Lê Minh Hoàng', N'Nam', '1998-09-07', '079123456929', '0912345829', 'leminhhoang@gmail.com', N'Quảng Trị'),
('KH130', N'Phan Thị Hạnh', N'Nữ', '1995-12-30', '079123456930', '0912345830', 'phanthihanh@gmail.com', N'Thái Nguyên'),
('KH131', N'Nguyễn Hoàng Tâm', N'Nam', '1992-07-08', '079123456931', '0912345831', 'nguyenhoangtam@gmail.com', N'Bạc Liêu'),
('KH132', N'Trần Thị Trang', N'Nữ', '1996-10-10', '079123456932', '0912345832', 'tranthitrang@gmail.com', N'Lào Cai'),
('KH133', N'Lý Quốc Đạt', N'Nam', '1991-04-14', '079123456933', '0912345833', 'lyquocdat@gmail.com', N'Kon Tum'),
('KH134', N'Bùi Thị Hiền', N'Nữ', '1997-02-28', '079123456934', '0912345834', 'buithihien@gmail.com', N'Bình Thuận'),
('KH135', N'Phạm Văn Lộc', N'Nam', '1995-05-20', '079123456935', '0912345835', 'phamvanloc@gmail.com', N'Cà Mau'),
('KH136', N'Trần Ngọc Anh', N'Nữ', '1999-09-01', '079123456936', '0912345836', 'tranngocanh@gmail.com', N'Sóc Trăng'),
('KH137', N'Nguyễn Hữu Phước', N'Nam', '1994-03-13', '079123456937', '0912345837', 'nguyenhuuphuoc@gmail.com', N'Vũng Tàu'),
('KH138', N'Lê Thị Thắm', N'Nữ', '1991-08-29', '079123456938', '0912345838', 'lethitham@gmail.com', N'Hưng Yên'),
('KH139', N'Trương Văn Hải', N'Nam', '1989-11-18', '079123456939', '0912345839', 'truongvanhai@gmail.com', N'Hải Dương'),
('KH140', N'Ngô Thị Tuyết', N'Nữ', '1998-06-25', '079123456940', '0912345840', 'ngothituyet@gmail.com', N'Hòa Bình'),
('KH141', N'Võ Văn Đạt', N'Nam', '1996-02-19', '079123456941', '0912345841', 'vovandat@gmail.com', N'Phan Thiết, Bình Thuận'),
('KH142', N'Lê Thị Thảo', N'Nữ', '1995-03-15', '079123456942', '0912345842', 'lethithao@gmail.com', N'Bến Tre'),
('KH143', N'Nguyễn Văn Hậu', N'Nam', '1993-07-11', '079123456943', '0912345843', 'nguyenvanhau@gmail.com', N'Hà Nội'),
('KH144', N'Trần Thị Cẩm', N'Nữ', '1994-12-09', '079123456944', '0912345844', 'tranthicam@gmail.com', N'Tiền Giang'),
('KH145', N'Đỗ Minh Phú', N'Nam', '1991-10-25', '079123456945', '0912345845', 'dominphu@gmail.com', N'Long An'),
('KH146', N'Nguyễn Thị Ánh', N'Nữ', '1998-01-20', '079123456946', '0912345846', 'nguyenthianh@gmail.com', N'Hải Phòng'),
('KH147', N'Lê Quang Huy', N'Nam', '1990-08-30', '079123456947', '0912345847', 'lequanghuy@gmail.com', N'Nam Định'),
('KH148', N'Phạm Mỹ Linh', N'Nữ', '1999-11-01', '079123456948', '0912345848', 'phammylinh@gmail.com', N'Cần Thơ'),
('KH149', N'Nguyễn Hữu Tài', N'Nam', '1992-05-14', '079123456949', '0912345849', 'nguyenhuutai@gmail.com', N'Gia Lai'),
('KH150', N'Trần Thị Lệ', N'Nữ', '1995-09-03', '079123456950', '0912345850', 'tranthile@gmail.com', N'Hà Tĩnh'),
('KH151', N'Đặng Văn Hưng', N'Nam', '1993-04-21', '079123456951', '0912345851', 'dangvanhung@gmail.com', N'Đồng Tháp'),
('KH152', N'Nguyễn Thị Ngọc', N'Nữ', '1998-02-14', '079123456952', '0912345852', 'nguyenthingoc@gmail.com', N'Bình Dương'),
('KH153', N'Lê Hoàng Dũng', N'Nam', '1992-10-19', '079123456953', '0912345853', 'lehoangdung@gmail.com', N'Tây Ninh'),
('KH154', N'Phan Thị Mai', N'Nữ', '1996-03-09', '079123456954', '0912345854', 'phanthimai@gmail.com', N'Thanh Hóa'),
('KH155', N'Trần Quốc Khánh', N'Nam', '1995-01-30', '079123456955', '0912345855', 'tranquockhanh@gmail.com', N'Huế'),
('KH156', N'Nguyễn Thị Huyền', N'Nữ', '1999-05-23', '079123456956', '0912345856', 'nguyenthihuyen@gmail.com', N'Ninh Bình'),
('KH157', N'Lâm Văn Tài', N'Nam', '1994-06-26', '079123456957', '0912345857', 'lamvantai@gmail.com', N'Đà Lạt, Lâm Đồng'),
('KH158', N'Trần Thị Thanh', N'Nữ', '1997-07-12', '079123456958', '0912345858', 'tranthithanh@gmail.com', N'Hải Dương'),
('KH159', N'Phạm Minh Trí', N'Nam', '1991-12-05', '079123456959', '0912345859', 'phamminhtri@gmail.com', N'Đồng Nai'),
('KH160', N'Đỗ Thị Hòa', N'Nữ', '1998-09-16', '079123456960', '0912345860', 'dothihoa@gmail.com', N'Hà Nam'),
('KH161', N'Nguyễn Văn Sơn', N'Nam', '1992-08-11', '079123456961', '0912345861', 'nguyenvanson@gmail.com', N'Hải Phòng'),
('KH162', N'Trần Thị Mỹ', N'Nữ', '1993-02-18', '079123456962', '0912345862', 'tranthimy@gmail.com', N'Tây Ninh'),
('KH163', N'Lê Hoàng Khang', N'Nam', '1996-06-04', '079123456963', '0912345863', 'lehoangkhang@gmail.com', N'Hồ Chí Minh'),
('KH164', N'Phan Thị Tuyết', N'Nữ', '1999-01-08', '079123456964', '0912345864', 'phanthituyet@gmail.com', N'Hà Nội'),
('KH165', N'Nguyễn Hữu Duy', N'Nam', '1994-04-24', '079123456965', '0912345865', 'nguyenhuuduy@gmail.com', N'Cần Thơ'),
('KH166', N'Vũ Thị Trang', N'Nữ', '1997-11-10', '079123456966', '0912345866', 'vuthitrang@gmail.com', N'Hòa Bình'),
('KH167', N'Trần Quang Vinh', N'Nam', '1990-09-17', '079123456967', '0912345867', 'tranquangvinh@gmail.com', N'Phú Thọ'),
('KH168', N'Phạm Thị Hiếu', N'Nữ', '1998-12-29', '079123456968', '0912345868', 'phamthihieu@gmail.com', N'Hà Giang'),
('KH169', N'Nguyễn Văn Tâm', N'Nam', '1995-03-14', '079123456969', '0912345869', 'nguyenvantam@gmail.com', N'Quảng Ngãi'),
('KH170', N'Lê Thị Phương', N'Nữ', '1992-01-02', '079123456970', '0912345870', 'lethiphuong@gmail.com', N'Thái Bình'),
('KH171', N'Vũ Minh Thành', N'Nam', '1997-06-08', '079123456971', '0912345871', 'vuminhthanh@gmail.com', N'Hải Dương'),
('KH172', N'Đặng Thị Thu', N'Nữ', '1999-09-27', '079123456972', '0912345872', 'dangthithu@gmail.com', N'Đà Nẵng'),
('KH173', N'Trần Văn Dũng', N'Nam', '1994-05-15', '079123456973', '0912345873', 'tranvandung@gmail.com', N'TP.HCM'),
('KH174', N'Lê Thị Diễm', N'Nữ', '1995-07-19', '079123456974', '0912345874', 'lethidiem@gmail.com', N'Hà Nội'),
('KH175', N'Nguyễn Quốc Hưng', N'Nam', '1993-02-04', '079123456975', '0912345875', 'nguyenquochung@gmail.com', N'Vĩnh Phúc'),
('KH176', N'Trần Thị Như', N'Nữ', '1998-03-22', '079123456976', '0912345876', 'tranthinhu@gmail.com', N'Lâm Đồng'),
('KH177', N'Lý Minh Tuấn', N'Nam', '1990-12-18', '079123456977', '0912345877', 'lyminhtuan@gmail.com', N'An Giang'),
('KH178', N'Nguyễn Thị Loan', N'Nữ', '1996-04-25', '079123456978', '0912345878', 'nguyenthiloan@gmail.com', N'Hà Nam'),
('KH179', N'Võ Văn Toản', N'Nam', '1999-01-29', '079123456979', '0912345879', 'vovantoan@gmail.com', N'Bình Định'),
('KH180', N'Trần Mỹ Linh', N'Nữ', '1994-08-06', '079123456980', '0912345880', 'tranmylinh@gmail.com', N'Phú Quốc'),
('KH181', N'Phạm Văn Khánh', N'Nam', '1993-09-30', '079123456981', '0912345881', 'phamvankhanh@gmail.com', N'Hà Nội'),
('KH182', N'Nguyễn Thị Ngân', N'Nữ', '1997-11-12', '079123456982', '0912345882', 'nguyenthingan@gmail.com', N'Đồng Nai'),
('KH183', N'Lê Minh Hải', N'Nam', '1992-07-23', '079123456983', '0912345883', 'leminhhai@gmail.com', N'Bắc Ninh'),
('KH184', N'Trần Thị Lệ Quyên', N'Nữ', '1996-10-09', '079123456984', '0912345884', 'tranthilequyen@gmail.com', N'Hải Phòng'),
('KH185', N'Nguyễn Đức Anh', N'Nam', '1991-05-19', '079123456985', '0912345885', 'nguyenducanh@gmail.com', N'Gia Lai'),
('KH186', N'Phạm Thị Hồng', N'Nữ', '1999-03-28', '079123456986', '0912345886', 'phamthihong@gmail.com', N'Thanh Hóa'),
('KH187', N'Trần Văn Cường', N'Nam', '1994-02-17', '079123456987', '0912345887', 'tranvancuong@gmail.com', N'Hưng Yên'),
('KH188', N'Lê Thị Thu Hà', N'Nữ', '1995-06-21', '079123456988', '0912345888', 'lethithuha@gmail.com', N'Bắc Giang'),
('KH189', N'Nguyễn Văn Hùng', N'Nam', '1990-08-10', '079123456989', '0912345889', 'nguyenvanhung@gmail.com', N'Quảng Nam'),
('KH190', N'Phan Thị Kim', N'Nữ', '1996-01-31', '079123456990', '0912345890', 'phanthikim@gmail.com', N'Nghệ An'),
('KH191', N'Lê Hữu Long', N'Nam', '1992-09-15', '079123456991', '0912345891', 'lehuulong@gmail.com', N'Bình Dương'),
('KH192', N'Trần Thị Yến', N'Nữ', '1999-02-06', '079123456992', '0912345892', 'tranthiyen@gmail.com', N'Thái Nguyên'),
('KH193', N'Nguyễn Hoàng Sơn', N'Nam', '1993-12-11', '079123456993', '0912345893', 'nguyenhoangson@gmail.com', N'Hà Nội'),
('KH194', N'Đỗ Thị Hoa', N'Nữ', '1997-05-13', '079123456994', '0912345894', 'dothihoa94@gmail.com', N'Quảng Ninh'),
('KH195', N'Phan Văn Thành', N'Nam', '1994-08-25', '079123456995', '0912345895', 'phanvanthanh@gmail.com', N'Đà Nẵng'),
('KH196', N'Nguyễn Thị Phúc', N'Nữ', '1995-10-02', '079123456996', '0912345896', 'nguyenthiphuc@gmail.com', N'Hồ Chí Minh'),
('KH197', N'Lê Minh Hoàn', N'Nam', '1991-03-03', '079123456997', '0912345897', 'leminhhoan@gmail.com', N'Hà Giang'),
('KH198', N'Trần Thị Tâm', N'Nữ', '1999-07-28', '079123456998', '0912345898', 'tranthitam@gmail.com', N'Hải Dương'),
('KH199', N'Nguyễn Văn Bình', N'Nam', '1993-11-07', '079123456999', '0912345899', 'nguyenvanbinh@gmail.com', N'Vĩnh Long'),
('KH200', N'Phạm Thị Minh', N'Nữ', '1997-01-16', '079123457000', '0912345900', 'phamthiminh@gmail.com', N'Hà Nội');



USE QuanLyKhachSan;

-- Tạo dữ liệu cho LoaiPhong
INSERT INTO LoaiPhong (tenLoaiPhong)
VALUES 
    (N'TIÊU CHUẨN'),
    (N'DELUXE'),
    (N'VIEW BIỂN'),
    (N'GIA ĐÌNH'),
    (N'TỔNG THỐNG');



INSERT INTO TrangThaiPhong (tenTrangThai)
VALUES 
    (N'ĐÃ XÁC NHẬN'),
    (N'ĐÃ NHẬN'),
    (N'CHỜ XỬ LÝ'),
    (N'ĐÃ HỦY');


USE [QuanLyKhachSan];
INSERT INTO Phong (maPhong, giaTienMotDem, moTa, soChua, maLoaiPhong, maTrangThai)
VALUES
('P101', 500000, N'Phòng đơn tiêu chuẩn', 1, 1, 1),
('P102', 550000, N'Phòng đơn có cửa sổ', 1, 1, 1),
('P201', 750000, N'Phòng đôi tiêu chuẩn', 2, 2, 1),
('P202', 800000, N'Phòng đôi có ban công', 2, 2, 2),
('P301', 1000000, N'Phòng VIP hướng biển', 2, 3, 1),
('P302', 950000, N'Phòng VIP hướng vườn', 2, 3, 2),
('P401', 1200000, N'Suite có bồn tắm lớn', 3, 4, 1),
('P402', 1250000, N'Suite có view thành phố', 3, 4, 2),
('P501', 2000000, N'Phòng Tổng thống', 4, 5, 3),
('P502', 1800000, N'Phòng gia đình cao cấp', 4, 5, 1);

INSERT INTO DichVu (maDichVu, tenDichVu, gia, moTa)
VALUES
('DV01', N'Giặt ủi', 50000, N'Giặt và ủi quần áo cho khách'),
('DV02', N'Đưa đón sân bay', 200000, N'Dịch vụ xe đưa đón khách đến sân bay'),
('DV03', N'Ăn sáng', 80000, N'Bữa sáng buffet tại nhà hàng khách sạn'),
('DV04', N'Massage', 300000, N'Dịch vụ massage thư giãn toàn thân'),
('DV05', N'Thuê xe máy', 150000, N'Thuê xe máy trong ngày cho khách lưu trú'),
('DV06', N'Thuê xe ô tô', 800000, N'Thuê ô tô tự lái hoặc có tài xế'),
('DV07', N'Dọn phòng', 0, N'Dịch vụ dọn phòng hàng ngày cho khách'),
('DV08', N'Minibar', 100000, N'Sử dụng đồ uống và thức ăn nhẹ trong minibar'),
('DV09', N'In ấn & Photocopy', 20000, N'Hỗ trợ in tài liệu, photo cho khách công tác'),
('DV10', N'Giữ hành lý', 0, N'Dịch vụ giữ hành lý miễn phí trước hoặc sau khi check-in');
USE QuanLyKhachSan;
INSERT INTO [dbo].[KhuyenMai] 
    ([maKhuyenMai], [tenKhuyenMai], [chietKhau], [ngayBatDau], [ngayKetThuc])
VALUES
('WEEKEND50', N'Giảm giá cuối tuần', 20.00, '2025-01-01', '2025-02-15'),
('KM002', N'Combo nghỉ dưỡng 3N2Đ tặng bữa sáng miễn phí', 15.00, '2025-02-01', '2025-03-15'),
('KM003', N'Giảm giá dịch vụ Spa cuối tuần', 25.00, '2025-03-01', '2025-03-31'),
('KM004', N'Giảm 10% khi đặt phòng qua website', 10.00, '2025-04-01', '2025-06-30'),
('KM005', N'Tặng voucher 200k cho khách ở từ 2 đêm trở lên', 0.00, '2025-04-15', '2025-05-31'),
('KM006', N'Giảm 30% dịch vụ thuê xe đưa đón sân bay', 30.00, '2025-05-01', '2025-07-31'),
('KM007', N'Giảm 15% khi sử dụng dịch vụ giặt ủi', 15.00, '2025-06-01', '2025-08-31'),
('KM008', N'Mua 1 tặng 1 buffet tối tại nhà hàng Hoa Sen', 50.00, '2025-07-01', '2025-07-30'),
('KM009', N'Giảm giá 25% khi đặt phòng Suite trước 30 ngày', 25.00, '2025-08-01', '2025-09-30'),
('KM010', N'Ưu đãi 20% cho khách hàng thân thiết', 20.00, '2025-09-01', '2025-12-31'),
('KM011', N'Giảm 10% dịch vụ massage đá nóng', 10.00, '2025-10-01', '2025-11-15'),
('KM012', N'Combo nghỉ dưỡng + Spa giảm 18%', 18.00, '2025-11-01', '2025-12-15'),
('KM013', N'Giảm 12% giá phòng hạng Standard mùa thấp điểm', 12.00, '2025-10-15', '2025-11-30'),
('KM014', N'Giảm giá đặc biệt cho đoàn khách từ 10 người trở lên', 20.00, '2025-01-01', '2025-12-31'),
('KM015', N'Khuyến mãi mùa lễ hội – Giảm 15% toàn bộ dịch vụ', 15.00, '2025-12-01', '2026-01-15'),
('KM016', N'Giảm 10% khi đặt combo phòng + ăn sáng', 10.00, '2025-05-01', '2025-10-01'),
('KM017', N'Tặng 1 suất Spa khi đặt phòng VIP', 0.00, '2025-03-01', '2025-12-31'),
('KM018', N'Giảm 5% cho khách hàng thanh toán online', 5.00, '2025-04-01', '2025-12-31'),
('KM019', N'Giảm 20% dịch vụ thuê xe tham quan', 20.00, '2025-07-01', '2025-10-01'),
('KM020', N'Giảm 50% cho lần sử dụng dịch vụ đầu tiên', 50.00, '2025-01-01', '2025-06-30');

use [QuanLyKhachSan]
SET IDENTITY_INSERT LoaiNhanVien ON;

INSERT INTO LoaiNhanVien (maLoaiNV, tenLoaiNV)
VALUES
(1, N'Quản lý'),
(2, N'Lễ tân');

SET IDENTITY_INSERT LoaiNhanVien OFF;


INSERT INTO NhanVien (maNV, hoTen, ngaySinh, gioiTinh, cccd, sdt, email, matKhau, maLoaiNV)
VALUES
('NV01', N'Nguyễn Văn An', '1990-05-12', N'Nam', '012345678901', '0905123456', 'an.nguyen@hotel.vn', '123456', 1),
('NV02', N'Trần Thị Bình', '1995-09-23', N'Nữ', '012345678902', '0912233445', 'binh.tran@hotel.vn', '123456', 2),
('NV03', N'Lê Văn Cường', '1993-01-15', N'Nam', '012345678903', '0908777666', 'cuong.le@hotel.vn', '123456', 2),
('NV04', N'Phạm Thị Dung', '1998-04-10', N'Nữ', '012345678904', '0978123456', 'dung.pham@hotel.vn', '123456', 1),
('NV05', N'Ngô Văn Đức', '1992-12-20', N'Nam', '012345678905', '0934556677', 'duc.ngo@hotel.vn', '123456', 1),
('NV06', N'Hoàng Thị Hạnh', '1997-07-07', N'Nữ', '012345678906', '0988223344', 'hanh.hoang@hotel.vn', '123456', 1),
('NV07', N'Đặng Văn Khánh', '1989-03-05', N'Nam', '012345678907', '0909777555', 'khanh.dang@hotel.vn', '123456', 1),
('NV08', N'Vũ Thị Lan', '1996-11-19', N'Nữ', '012345678908', '0911888999', 'lan.vu@hotel.vn', '123456', 1),
('NV09', N'Bùi Minh Nam', '1994-06-25', N'Nam', '012345678909', '0905123789', 'nam.bui@hotel.vn', '123456', 1),
('NV10', N'Phan Thị Oanh', '1999-02-28', N'Nữ', '012345678910', '0977554433', 'oanh.phan@hotel.vn', '123456', 1);