USE [Quan_ly_khach_san];
GO
DELETE FROM [dbo].[KhachHang];
GO
INSERT INTO [dbo].[KhachHang] ([maKH], [hoTen], [gioiTinh], [ngaySinh], [cccd], [sdt], [email], [diaChi]) VALUES
('KH001', N'Nguyễn Văn An', N'Nam', '1994-03-15', '079345678901', '0987456321', 'nguyenvanan@gmail.com', N'Quận 1, TP.HCM'),
('KH002', N'Trần Thị Bình', N'Nữ', '1997-07-22', '032456789012', '0978645322', 'tranthibinh@yahoo.com', N'Quận 3, TP.HCM'),
('KH003', N'Lê Minh Cường', N'Nam', '1992-11-01', '045678901234', '0968534323', 'leminhcuong@outlook.com', N'Quận Hải Châu, Đà Nẵng'),
('KH004', N'Phạm Thị Dung', N'Nữ', '1998-02-08', '067890123456', '0907654324', 'phamthidung@gmail.com', N'Quận Hoàn Kiếm, Hà Nội'),
('KH005', N'Hoàng Văn Đức', N'Nam', '1991-09-19', '089012345678', '0918765435', 'hoangvanduc@gmail.com', N'Quận Ninh Kiều, Cần Thơ'),
('KH006', N'Nguyễn Thị Hạnh', N'Nữ', '1999-01-28', '045678901235', '0938456326', 'nguyenthihanh@yahoo.com', N'Quận Bình Thạnh, TP.HCM'),
('KH007', N'Đỗ Minh Hải', N'Nam', '1995-12-14', '032456789013', '0978845327', 'domin hh@gmail.com', N'Thanh Xuân, Hà Nội'),
('KH008', N'Võ Thị Hoa', N'Nữ', '1997-05-11', '056789012346', '0967532438', 'vothihoa@gmail.com', N'Hải Châu, Đà Nẵng'),
('KH009', N'Nguyễn Văn Hậu', N'Nam', '1990-04-17', '067890123457', '0908345629', 'nguyenvanhau@gmail.com', N'Tân Bình, TP.HCM'),
('KH010', N'Lê Thị Hương', N'Nữ', '1993-06-23', '079012345679', '0977534630', 'lethihuong@yahoo.com', N'Ba Đình, Hà Nội'),
('KH011', N'Trần Quang Huy', N'Nam', '1994-02-12', '011234567890', '0906745121', 'tranquanghuy@gmail.com', N'Quận 5, TP.HCM'),
('KH012', N'Phạm Thanh Hương', N'Nữ', '1996-10-29', '012345678901', '0937845322', 'phamthanhhuong@yahoo.com', N'Đống Đa, Hà Nội'),
('KH013', N'Nguyễn Văn Khánh', N'Nam', '1998-09-18', '034567890123', '0968345723', 'nguyenvankhanh@gmail.com', N'Cầu Giấy, Hà Nội'),
('KH014', N'Trần Thị Kim', N'Nữ', '2000-12-11', '045678901236', '0979845324', 'tranthikim@gmail.com', N'Liên Chiểu, Đà Nẵng'),
('KH015', N'Lê Hữu Khoa', N'Nam', '1995-01-25', '056789012347', '0907645325', 'lehuukhoa@gmail.com', N'Thủ Đức, TP.HCM'),
('KH016', N'Phan Thị Lan', N'Nữ', '1993-08-09', '067890123458', '0938456326', 'phanthilan@gmail.com', N'Hoàn Kiếm, Hà Nội'),
('KH017', N'Hoàng Văn Long', N'Nam', '1992-03-13', '078901234569', '0987456327', 'hoangvanlong@gmail.com', N'Bình Thạnh, TP.HCM'),
('KH018', N'Vũ Thị Lệ', N'Nữ', '1999-07-07', '089012345679', '0918645328', 'vuthile@gmail.com', N'Thanh Xuân, Hà Nội'),
('KH019', N'Đặng Minh Nam', N'Nam', '1994-11-03', '011234567891', '0906745329', 'dangminhnam@gmail.com', N'Quận 10, TP.HCM'),
('KH020', N'Nguyễn Thị Ngọc', N'Nữ', '1996-02-27', '022345678902', '0978534430', 'nguyenth ingoc@gmail.com', N'Hải Châu, Đà Nẵng'),
('KH021', N'Phạm Văn Nghĩa', N'Nam', '1990-05-30', '033456789013', '0938645341', 'phamvannghia@gmail.com', N'Ba Đình, Hà Nội'),
('KH022', N'Trần Thị Nhung', N'Nữ', '1999-04-18', '044567890124', '0968534352', 'tranthinhung@gmail.com', N'Tân Bình, TP.HCM'),
('KH023', N'Lê Quang Phúc', N'Nam', '1991-09-14', '055678901235', '0907645363', 'lequangphuc@gmail.com', N'Quận 3, TP.HCM'),
('KH024', N'Hoàng Thị Phượng', N'Nữ', '1998-11-28', '066789012346', '0938456374', 'hoangthiphuong@gmail.com', N'Đống Đa, Hà Nội'),
('KH025', N'Phan Minh Quân', N'Nam', '1995-06-02', '077890123457', '0978645385', 'phanminhquan@gmail.com', N'Liên Chiểu, Đà Nẵng'),
('KH026', N'Trần Thị Quỳnh', N'Nữ', '1997-10-26', '088901234568', '0907532496', 'tranthiquynh@gmail.com', N'Hoàn Kiếm, Hà Nội'),
('KH027', N'Nguyễn Văn Sơn', N'Nam', '1993-08-19', '099012345679', '0918754327', 'nguyenvanson@gmail.com', N'Thủ Đức, TP.HCM'),
('KH028', N'Lê Thị Sen', N'Nữ', '1995-02-09', '011234567892', '0938345328', 'lethisen@gmail.com', N'Hải Châu, Đà Nẵng'),
('KH029', N'Phạm Minh Tâm', N'Nam', '1994-12-01', '022345678903', '0968345329', 'phamminhtam@gmail.com', N'Cầu Giấy, Hà Nội'),
('KH030', N'Nguyễn Thị Trang', N'Nữ', '1999-03-21', '033456789014', '0907545430', 'nguyenthitrang@gmail.com', N'Bình Thạnh, TP.HCM'),
('KH031', N'Vũ Hữu Thành', N'Nam', '1991-06-17', '044567890125', '0918645431', 'vuhuuthanh@gmail.com', N'Thanh Xuân, Hà Nội'),
('KH032', N'Trần Thị Thu', N'Nữ', '1996-11-11', '055678901236', '0938345532', 'tranthithu@gmail.com', N'Quận 1, TP.HCM'),
('KH033', N'Lê Minh Tiến', N'Nam', '1993-05-30', '066789012347', '0978645633', 'leminhtien@gmail.com', N'Quận 5, TP.HCM'),
('KH034', N'Phạm Thị Tố', N'Nữ', '1998-09-12', '077890123458', '0907645734', 'phamthito@gmail.com', N'Cầu Giấy, Hà Nội'),
('KH035', N'Hoàng Văn Toàn', N'Nam', '1994-04-14', '088901234569', '0918455735', 'hoangvantoan@gmail.com', N'Tân Phú, TP.HCM'),
('KH036', N'Nguyễn Thị Tú', N'Nữ', '1999-01-18', '099012345680', '0978755736', 'nguyenthitu@gmail.com', N'Thanh Xuân, Hà Nội'),
('KH037', N'Lê Hồng Vân', N'Nữ', '1998-10-25', '011234567893', '0907845737', 'lehngvan@gmail.com', N'Hải Châu, Đà Nẵng'),
('KH038', N'Phan Minh Vũ', N'Nam', '1995-07-02', '022345678904', '0938945738', 'phanminhvu@gmail.com', N'Bình Thạnh, TP.HCM'),
('KH039', N'Đỗ Thị Xuân', N'Nữ', '1997-12-27', '033456789015', '0968345739', 'dothixuan@gmail.com', N'Hoàn Kiếm, Hà Nội'),
('KH040', N'Nguyễn Quốc Anh', N'Nam', '1992-03-06', '044567890126', '0907645740', 'nguyenquocanh@gmail.com', N'Quận 10, TP.HCM'),
('KH041', N'Võ Thị Bích', N'Nữ', '1996-05-12', '055678901237', '0978545741', 'vothibich@gmail.com', N'Cầu Giấy, Hà Nội'),
('KH042', N'Lê Minh Đức', N'Nam', '1993-09-23', '066789012348', '0907545742', 'leminhduc@gmail.com', N'Thủ Đức, TP.HCM'),
('KH043', N'Nguyễn Thị Hà', N'Nữ', '1999-11-30', '077890123459', '0938345743', 'nguyenthih a@gmail.com', N'Đống Đa, Hà Nội'),
('KH044', N'Trần Minh Hải', N'Nam', '1994-07-17', '088901234570', '0968345744', 'tranminhhai@gmail.com', N'Hải Châu, Đà Nẵng'),
('KH045', N'Phạm Thị Hằng', N'Nữ', '1997-02-15', '099012345681', '0907845745', 'phamthihang@gmail.com', N'Tân Bình, TP.HCM'),
('KH046', N'Lê Quang Hòa', N'Nam', '1995-05-19', '011234567894', '0938945746', 'lequanghoa@gmail.com', N'Cầu Giấy, Hà Nội'),
('KH047', N'Trần Thị Hồng', N'Nữ', '1998-01-29', '022345678905', '0978745747', 'tranthihong@gmail.com', N'Bình Thạnh, TP.HCM'),
('KH048', N'Nguyễn Văn Hùng', N'Nam', '1993-12-04', '033456789016', '0907645748', 'nguyenvanhung@gmail.com', N'Thủ Đức, TP.HCM'),
('KH049', N'Phan Thị Hương', N'Nữ', '1999-04-08', '044567890127', '0918645749', 'phanthihuong@gmail.com', N'Đống Đa, Hà Nội'),
('KH050', N'Đặng Quốc Khánh', N'Nam', '1992-08-19', '055678901238', '0978345750', 'dangquockhanh@gmail.com', N'Tân Phú, TP.HCM'),
('KH051', N'Trần Thị Kim Liên', N'Nữ', '1998-07-14', '066789012349', '0907845751', 'tranthikimlien@gmail.com', N'Quận Hải Châu, Đà Nẵng'),
('KH052', N'Lê Minh Lộc', N'Nam', '1994-03-22', '077890123460', '0938945752', 'leminhloc@gmail.com', N'Tân Bình, TP.HCM'),
('KH053', N'Phạm Thị Mai', N'Nữ', '1997-06-11', '088901234571', '0968345753', 'phamthimai@gmail.com', N'Cầu Giấy, Hà Nội'),
('KH054', N'Hoàng Minh Mẫn', N'Nam', '1995-12-28', '099012345682', '0907545754', 'hoangminhman@gmail.com', N'Quận 5, TP.HCM'),
('KH055', N'Nguyễn Thị Mỹ', N'Nữ', '1999-09-07', '011234567895', '0978345755', 'nguyenthimy@gmail.com', N'Đống Đa, Hà Nội'),
('KH056', N'Phan Thanh Nam', N'Nam', '1993-02-10', '022345678906', '0918545756', 'phanthanhnam@gmail.com', N'Thanh Xuân, Hà Nội'),
('KH057', N'Lê Thị Nga', N'Nữ', '1996-08-03', '033456789017', '0907645757', 'lethinga@gmail.com', N'Bình Thạnh, TP.HCM'),
('KH058', N'Trần Quang Ngọc', N'Nam', '1991-01-15', '044567890128', '0978645758', 'tranquangngoc@gmail.com', N'Thủ Đức, TP.HCM'),
('KH059', N'Nguyễn Thị Nhung', N'Nữ', '1998-03-26', '055678901239', '0938745759', 'nguyenthinhung@gmail.com', N'Ba Đình, Hà Nội'),
('KH060', N'Phạm Minh Phát', N'Nam', '1994-05-20', '066789012350', '0968345760', 'phamminhphat@gmail.com', N'Tân Phú, TP.HCM'),
('KH061', N'Lê Thị Phương', N'Nữ', '1997-09-18', '077890123461', '0907645761', 'lethiphuong@gmail.com', N'Cầu Giấy, Hà Nội'),
('KH062', N'Nguyễn Văn Quang', N'Nam', '1992-04-11', '088901234572', '0978745762', 'nguyenvanquang@gmail.com', N'Thủ Đức, TP.HCM'),
('KH063', N'Trần Thị Quyên', N'Nữ', '1999-11-09', '099012345683', '0938845763', 'tranthiquyen@gmail.com', N'Thanh Xuân, Hà Nội'),
('KH064', N'Phạm Hoàng Sơn', N'Nam', '1993-06-17', '011234567896', '0907545764', 'phamhoangson@gmail.com', N'Quận 3, TP.HCM'),
('KH065', N'Lê Thị Thanh', N'Nữ', '1996-10-01', '022345678907', '0978645765', 'lethithanh@gmail.com', N'Cầu Giấy, Hà Nội'),
('KH066', N'Võ Văn Thắng', N'Nam', '1995-08-28', '033456789018', '0918745766', 'vovanthang@gmail.com', N'Quận Hải Châu, Đà Nẵng'),
('KH067', N'Nguyễn Thị Thảo', N'Nữ', '1999-12-23', '044567890129', '0907645767', 'nguyenthithao@gmail.com', N'Thủ Đức, TP.HCM'),
('KH068', N'Trần Quốc Thịnh', N'Nam', '1991-07-19', '055678901240', '0978845768', 'tranquocthinh@gmail.com', N'Tân Phú, TP.HCM'),
('KH069', N'Lê Thị Thúy', N'Nữ', '1998-02-26', '066789012351', '0938945769', 'lethithuy@gmail.com', N'Hoàn Kiếm, Hà Nội'),
('KH070', N'Phan Văn Tiến', N'Nam', '1993-09-29', '077890123462', '0968345770', 'phanvantien@gmail.com', N'Quận 10, TP.HCM'),
('KH071', N'Trần Thị Trang', N'Nữ', '1997-03-07', '088901234573', '0907645771', 'tranthitrang@gmail.com', N'Cầu Giấy, Hà Nội'),
('KH072', N'Nguyễn Đức Trung', N'Nam', '1994-12-14', '099012345684', '0978745772', 'nguyenductrung@gmail.com', N'Tân Bình, TP.HCM'),
('KH073', N'Lê Thị Tươi', N'Nữ', '1999-05-03', '011234567897', '0938845773', 'lethituoi@gmail.com', N'Thanh Xuân, Hà Nội'),
('KH074', N'Phạm Văn Tùng', N'Nam', '1992-01-25', '022345678908', '0907545774', 'phamvantung@gmail.com', N'Thủ Đức, TP.HCM'),
('KH075', N'Trần Thị Tuyết', N'Nữ', '1998-06-08', '033456789019', '0978645775', 'tranthituyet@gmail.com', N'Ba Đình, Hà Nội'),
('KH076', N'Nguyễn Quang Vinh', N'Nam', '1993-11-11', '044567890130', '0918745776', 'nguyenquangvinh@gmail.com', N'Tân Phú, TP.HCM'),
('KH077', N'Lê Thị Xuân', N'Nữ', '1999-02-17', '055678901241', '0938945777', 'lethixuan@gmail.com', N'Hoàn Kiếm, Hà Nội'),
('KH078', N'Phan Văn Yên', N'Nam', '1995-04-21', '066789012352', '0968345778', 'phanvanyen@gmail.com', N'Quận 3, TP.HCM'),
('KH079', N'Nguyễn Thị Yến', N'Nữ', '1997-08-09', '077890123463', '0907645779', 'nguyenthiyen@gmail.com', N'Cầu Giấy, Hà Nội'),
('KH080', N'Trần Văn Bình', N'Nam', '1994-10-13', '088901234574', '0978745780', 'tranvanbinh@gmail.com', N'Tân Bình, TP.HCM'),
('KH081', N'Lê Thị Diễm', N'Nữ', '1999-01-30', '099012345685', '0938845781', 'lethidiem@gmail.com', N'Đống Đa, Hà Nội'),
('KH082', N'Phạm Quang Dũng', N'Nam', '1993-07-04', '011234567898', '0907545782', 'phamquangdung@gmail.com', N'Quận 5, TP.HCM'),
('KH083', N'Trần Thị Hà', N'Nữ', '1998-11-18', '022345678909', '0978645783', 'tranthiha@gmail.com', N'Thanh Xuân, Hà Nội'),
('KH084', N'Nguyễn Văn Hiếu', N'Nam', '1995-09-22', '033456789020', '0918745784', 'nguyenvanhieu@gmail.com', N'Tân Phú, TP.HCM'),
('KH085', N'Lê Thị Hòa', N'Nữ', '1997-05-29', '044567890131', '0938945785', 'lethihoa@gmail.com', N'Thủ Đức, TP.HCM'),
('KH086', N'Phan Thanh Hùng', N'Nam', '1992-03-03', '055678901242', '0968345786', 'phanthanhhung@gmail.com', N'Hoàn Kiếm, Hà Nội'),
('KH087', N'Trần Thị Huyền', N'Nữ', '1998-10-26', '066789012353', '0907645787', 'tranthihuyen@gmail.com', N'Cầu Giấy, Hà Nội'),
('KH088', N'Nguyễn Văn Khang', N'Nam', '1994-08-12', '077890123464', '0978745788', 'nguyenvankhang@gmail.com', N'Tân Bình, TP.HCM'),
('KH089', N'Lê Thị Kim', N'Nữ', '1999-06-06', '088901234575', '0938845789', 'lethikim@gmail.com', N'Thanh Xuân, Hà Nội'),
('KH090', N'Phạm Quang Long', N'Nam', '1993-11-14', '099012345686', '0907545790', 'phamquanglong@gmail.com', N'Tân Phú, TP.HCM'),
('KH091', N'Trần Thị Loan', N'Nữ', '1998-01-19', '011234567899', '0978645791', 'tranthiloan@gmail.com', N'Cầu Giấy, Hà Nội'),
('KH092', N'Nguyễn Văn Mạnh', N'Nam', '1995-07-24', '022345678910', '0918745792', 'nguyenvanmanh@gmail.com', N'Thủ Đức, TP.HCM'),
('KH093', N'Lê Thị Minh', N'Nữ', '1999-04-28', '033456789021', '0938945793', 'lethiminh@gmail.com', N'Đống Đa, Hà Nội'),
('KH094', N'Phan Văn Nam', N'Nam', '1994-09-09', '044567890132', '0968345794', 'phanvannam@gmail.com', N'Quận 10, TP.HCM'),
('KH095', N'Trần Thị Nga', N'Nữ', '1997-12-23', '055678901243', '0907645795', 'tranthinga@gmail.com', N'Hoàn Kiếm, Hà Nội'),
('KH096', N'Nguyễn Minh Nhật', N'Nam', '1993-02-17', '066789012354', '0978745796', 'nguyenminhnhat@gmail.com', N'Tân Bình, TP.HCM'),
('KH097', N'Lê Thị Như', N'Nữ', '1998-09-20', '077890123465', '0938845797', 'lethinh u@gmail.com', N'Thanh Xuân, Hà Nội'),
('KH098', N'Phạm Quang Phúc', N'Nam', '1994-06-25', '088901234576', '0907545798', 'phamquangphuc@gmail.com', N'Tân Phú, TP.HCM'),
('KH099', N'Trần Thị Phương', N'Nữ', '1999-10-10', '099012345687', '0978645799', 'tranthiphuong@gmail.com', N'Cầu Giấy, Hà Nội'),
('KH100', N'Nguyễn Quốc Quân', N'Nam', '1993-03-27', '011234567900', '0918745800', 'nguyenquocquan@gmail.com', N'Bình Thạnh, TP.HCM'),
('KH101', N'Nguyễn Văn Quân', N'Nam', '1995-04-12', '079123456901', '0912345801', 'nguyenvanquan@gmail.com', N'Tân Bình, TP.HCM'),
('KH102', N'Trần Thị Hương', N'Nữ', '1996-09-05', '079123456902', '0912345802', 'tranthihuong@gmail.com', N'Nha Trang, Khánh Hòa'),
('KH103', N'Lê Anh Tuấn', N'Nam', '1993-12-08', '079123456903', '0912345803', 'leanhtuan@gmail.com', N'Cẩm Lệ, Đà Nẵng'),
('KH104', N'Phạm Minh Ngọc', N'Nữ', '1999-07-21', '079123456904', '0912345804', 'phamminhngoc@gmail.com', N'Thủ Dầu Một, Bình Dương'),
('KH105', N'Nguyễn Đức Hòa', N'Nam', '1988-10-17', '079123456905', '0912345805', 'nguyenduchoa@gmail.com', N'Hải Châu, Đà Nẵng'),
('KH106', N'Đỗ Thị Mai', N'Nữ', '1997-03-30', '079123456906', '0912345806', 'dothimai@gmail.com', N'Pleiku, Gia Lai'),
('KH107', N'Vũ Văn Dương', N'Nam', '1992-11-14', '079123456907', '0912345807', 'vuvanduong@gmail.com', N'Long Biên, Hà Nội'),
('KH108', N'Trần Thanh Hà', N'Nữ', '1994-06-02', '079123456908', '0912345808', 'tranthanhha@gmail.com', N'Phan Rang, Ninh Thuận'),
('KH109', N'Ngô Văn Lâm', N'Nam', '1991-08-23', '079123456909', '0912345809', 'ngovanlam@gmail.com', N'Thái Bình'),
('KH110', N'Bùi Thị Thanh', N'Nữ', '1998-02-18', '079123456910', '0912345810', 'buithithanh@gmail.com', N'Nam Định'),
('KH111', N'Phan Quốc Cường', N'Nam', '1995-01-29', '079123456911', '0912345811', 'phanquoccuong@gmail.com', N'Vĩnh Long'),
('KH112', N'Lâm Thị Lan', N'Nữ', '1993-09-09', '079123456912', '0912345812', 'lamthilan@gmail.com', N'Tây Ninh'),
('KH113', N'Huỳnh Minh Quang', N'Nam', '1990-04-27', '079123456913', '0912345813', 'huynhminhquang@gmail.com', N'Cần Thơ'),
('KH114', N'Nguyễn Thị Diệu', N'Nữ', '1999-06-06', '079123456914', '0912345814', 'nguyenthidieu@gmail.com', N'Hà Đông, Hà Nội'),
('KH115', N'Trương Quốc Huy', N'Nam', '1989-10-10', '079123456915', '0912345815', 'truongquochuy@gmail.com', N'Bình Thạnh, TP.HCM'),
('KH116', N'Lê Thị Tươi', N'Nữ', '1997-01-07', '079123456916', '0912345816', 'lethituoi@gmail.com', N'Thanh Hóa'),
('KH117', N'Nguyễn Văn Nam', N'Nam', '1996-12-19', '079123456917', '0912345817', 'nguyenvannam@gmail.com', N'Đồng Nai'),
('KH118', N'Trần Thu Thảo', N'Nữ', '1994-09-15', '079123456918', '0912345818', 'tranthuthao@gmail.com', N'Phú Yên'),
('KH119', N'Võ Minh Tâm', N'Nam', '1995-05-05', '079123456919', '0912345819', 'vominhtam@gmail.com', N'Tiền Giang'),
('KH120', N'Đặng Thị Lệ', N'Nữ', '1993-03-28', '079123456920', '0912345820', 'dangthile@gmail.com', N'Hòa Bình'),
('KH121', N'Nguyễn Quốc Vũ', N'Nam', '1998-08-16', '079123456921', '0912345821', 'nguyenquocvu@gmail.com', N'Huế'),
('KH122', N'Lưu Thị Hoa', N'Nữ', '1990-02-09', '079123456922', '0912345822', 'luuthihoa@gmail.com', N'Hưng Yên'),
('KH123', N'Trần Đăng Khoa', N'Nam', '1997-07-23', '079123456923', '0912345823', 'trandangkhoa@gmail.com', N'Đà Lạt, Lâm Đồng'),
('KH124', N'Nguyễn Thị Mỹ', N'Nữ', '1999-05-19', '079123456924', '0912345824', 'nguyenthimy@gmail.com', N'Tân An, Long An'),
('KH125', N'Lê Hoàng Nam', N'Nam', '1994-10-22', '079123456925', '0912345825', 'lehoangnam@gmail.com', N'Hải Phòng'),
('KH126', N'Phạm Thị Dung', N'Nữ', '1993-11-11', '079123456926', '0912345826', 'phamthidung@gmail.com', N'Quảng Bình'),
('KH127', N'Trần Văn Toàn', N'Nam', '1990-01-05', '079123456927', '0912345827', 'tranvantoan@gmail.com', N'Nghệ An'),
('KH128', N'Vũ Thị Kim', N'Nữ', '1996-06-24', '079123456928', '0912345828', 'vuthikim@gmail.com', N'Thanh Trì, Hà Nội'),
('KH129', N'Lê Minh Hoàng', N'Nam', '1998-09-07', '079123456929', '0912345829', 'leminhhoang@gmail.com', N'Quảng Trị'),
('KH130', N'Phan Thị Hạnh', N'Nữ', '1995-12-30', '079123456930', '0912345830', 'phanthihanh@gmail.com', N'Thái Nguyên'),
('KH131', N'Nguyễn Hoàng Tâm', N'Nam', '1992-07-08', '079123456931', '0912345831', 'nguyenhoangtam@gmail.com', N'Bạc Liêu'),
('KH132', N'Trần Thị Trang', N'Nữ', '1996-10-10', '079123456932', '0912345832', 'tranthitrang@gmail.com', N'Lào Cai'),
('KH133', N'Lý Quốc Đạt', N'Nam', '1991-04-14', '079123456933', '0912345833', 'lyquocdat@gmail.com', N'Kon Tum'),
('KH134', N'Bùi Thị Hiền', N'Nữ', '1997-02-28', '079123456934', '0912345834', 'buithihien@gmail.com', N'Bình Thuận'),
('KH135', N'Phạm Văn Lộc', N'Nam', '1995-05-20', '079123456935', '0912345835', 'phamvanloc@gmail.com', N'Cà Mau'),
('KH136', N'Trần Ngọc Anh', N'Nữ', '1999-09-01', '079123456936', '0912345836', 'tranngocanh@gmail.com', N'Sóc Trăng'),
('KH137', N'Nguyễn Hữu Phước', N'Nam', '1994-03-13', '079123456937', '0912345837', 'nguyenhuuphuoc@gmail.com', N'Vũng Tàu'),
('KH138', N'Lê Thị Thắm', N'Nữ', '1991-08-29', '079123456938', '0912345838', 'lethitham@gmail.com', N'Hưng Yên'),
('KH139', N'Trương Văn Hải', N'Nam', '1989-11-18', '079123456939', '0912345839', 'truongvanhai@gmail.com', N'Hải Dương'),
('KH140', N'Ngô Thị Tuyết', N'Nữ', '1998-06-25', '079123456940', '0912345840', 'ngothituyet@gmail.com', N'Hòa Bình'),
('KH141', N'Võ Văn Đạt', N'Nam', '1996-02-19', '079123456941', '0912345841', 'vovandat@gmail.com', N'Phan Thiết, Bình Thuận'),
('KH142', N'Lê Thị Thảo', N'Nữ', '1995-03-15', '079123456942', '0912345842', 'lethithao@gmail.com', N'Bến Tre'),
('KH143', N'Nguyễn Văn Hậu', N'Nam', '1993-07-11', '079123456943', '0912345843', 'nguyenvanhau@gmail.com', N'Hà Nội'),
('KH144', N'Trần Thị Cẩm', N'Nữ', '1994-12-09', '079123456944', '0912345844', 'tranthicam@gmail.com', N'Tiền Giang'),
('KH145', N'Đỗ Minh Phú', N'Nam', '1991-10-25', '079123456945', '0912345845', 'dominphu@gmail.com', N'Long An'),
('KH146', N'Nguyễn Thị Ánh', N'Nữ', '1998-01-20', '079123456946', '0912345846', 'nguyenthianh@gmail.com', N'Hải Phòng'),
('KH147', N'Lê Quang Huy', N'Nam', '1990-08-30', '079123456947', '0912345847', 'lequanghuy@gmail.com', N'Nam Định'),
('KH148', N'Phạm Mỹ Linh', N'Nữ', '1999-11-01', '079123456948', '0912345848', 'phammylinh@gmail.com', N'Cần Thơ'),
('KH149', N'Nguyễn Hữu Tài', N'Nam', '1992-05-14', '079123456949', '0912345849', 'nguyenhuutai@gmail.com', N'Gia Lai'),
('KH150', N'Trần Thị Lệ', N'Nữ', '1995-09-03', '079123456950', '0912345850', 'tranthile@gmail.com', N'Hà Tĩnh'),
('KH151', N'Đặng Văn Hưng', N'Nam', '1993-04-21', '079123456951', '0912345851', 'dangvanhung@gmail.com', N'Đồng Tháp'),
('KH152', N'Nguyễn Thị Ngọc', N'Nữ', '1998-02-14', '079123456952', '0912345852', 'nguyenthingoc@gmail.com', N'Bình Dương'),
('KH153', N'Lê Hoàng Dũng', N'Nam', '1992-10-19', '079123456953', '0912345853', 'lehoangdung@gmail.com', N'Tây Ninh'),
('KH154', N'Phan Thị Mai', N'Nữ', '1996-03-09', '079123456954', '0912345854', 'phanthimai@gmail.com', N'Thanh Hóa'),
('KH155', N'Trần Quốc Khánh', N'Nam', '1995-01-30', '079123456955', '0912345855', 'tranquockhanh@gmail.com', N'Huế'),
('KH156', N'Nguyễn Thị Huyền', N'Nữ', '1999-05-23', '079123456956', '0912345856', 'nguyenthihuyen@gmail.com', N'Ninh Bình'),
('KH157', N'Lâm Văn Tài', N'Nam', '1994-06-26', '079123456957', '0912345857', 'lamvantai@gmail.com', N'Đà Lạt, Lâm Đồng'),
('KH158', N'Trần Thị Thanh', N'Nữ', '1997-07-12', '079123456958', '0912345858', 'tranthithanh@gmail.com', N'Hải Dương'),
('KH159', N'Phạm Minh Trí', N'Nam', '1991-12-05', '079123456959', '0912345859', 'phamminhtri@gmail.com', N'Đồng Nai'),
('KH160', N'Đỗ Thị Hòa', N'Nữ', '1998-09-16', '079123456960', '0912345860', 'dothihoa@gmail.com', N'Hà Nam'),
('KH161', N'Nguyễn Văn Sơn', N'Nam', '1992-08-11', '079123456961', '0912345861', 'nguyenvanson@gmail.com', N'Hải Phòng'),
('KH162', N'Trần Thị Mỹ', N'Nữ', '1993-02-18', '079123456962', '0912345862', 'tranthimy@gmail.com', N'Tây Ninh'),
('KH163', N'Lê Hoàng Khang', N'Nam', '1996-06-04', '079123456963', '0912345863', 'lehoangkhang@gmail.com', N'Hồ Chí Minh'),
('KH164', N'Phan Thị Tuyết', N'Nữ', '1999-01-08', '079123456964', '0912345864', 'phanthituyet@gmail.com', N'Hà Nội'),
('KH165', N'Nguyễn Hữu Duy', N'Nam', '1994-04-24', '079123456965', '0912345865', 'nguyenhuuduy@gmail.com', N'Cần Thơ'),
('KH166', N'Vũ Thị Trang', N'Nữ', '1997-11-10', '079123456966', '0912345866', 'vuthitrang@gmail.com', N'Hòa Bình'),
('KH167', N'Trần Quang Vinh', N'Nam', '1990-09-17', '079123456967', '0912345867', 'tranquangvinh@gmail.com', N'Phú Thọ'),
('KH168', N'Phạm Thị Hiếu', N'Nữ', '1998-12-29', '079123456968', '0912345868', 'phamthihieu@gmail.com', N'Hà Giang'),
('KH169', N'Nguyễn Văn Tâm', N'Nam', '1995-03-14', '079123456969', '0912345869', 'nguyenvantam@gmail.com', N'Quảng Ngãi'),
('KH170', N'Lê Thị Phương', N'Nữ', '1992-01-02', '079123456970', '0912345870', 'lethiphuong@gmail.com', N'Thái Bình'),
('KH171', N'Vũ Minh Thành', N'Nam', '1997-06-08', '079123456971', '0912345871', 'vuminhthanh@gmail.com', N'Hải Dương'),
('KH172', N'Đặng Thị Thu', N'Nữ', '1999-09-27', '079123456972', '0912345872', 'dangthithu@gmail.com', N'Đà Nẵng'),
('KH173', N'Trần Văn Dũng', N'Nam', '1994-05-15', '079123456973', '0912345873', 'tranvandung@gmail.com', N'TP.HCM'),
('KH174', N'Lê Thị Diễm', N'Nữ', '1995-07-19', '079123456974', '0912345874', 'lethidiem@gmail.com', N'Hà Nội'),
('KH175', N'Nguyễn Quốc Hưng', N'Nam', '1993-02-04', '079123456975', '0912345875', 'nguyenquochung@gmail.com', N'Vĩnh Phúc'),
('KH176', N'Trần Thị Như', N'Nữ', '1998-03-22', '079123456976', '0912345876', 'tranthinhu@gmail.com', N'Lâm Đồng'),
('KH177', N'Lý Minh Tuấn', N'Nam', '1990-12-18', '079123456977', '0912345877', 'lyminhtuan@gmail.com', N'An Giang'),
('KH178', N'Nguyễn Thị Loan', N'Nữ', '1996-04-25', '079123456978', '0912345878', 'nguyenthiloan@gmail.com', N'Hà Nam'),
('KH179', N'Võ Văn Toản', N'Nam', '1999-01-29', '079123456979', '0912345879', 'vovantoan@gmail.com', N'Bình Định'),
('KH180', N'Trần Mỹ Linh', N'Nữ', '1994-08-06', '079123456980', '0912345880', 'tranmylinh@gmail.com', N'Phú Quốc'),
('KH181', N'Phạm Văn Khánh', N'Nam', '1993-09-30', '079123456981', '0912345881', 'phamvankhanh@gmail.com', N'Hà Nội'),
('KH182', N'Nguyễn Thị Ngân', N'Nữ', '1997-11-12', '079123456982', '0912345882', 'nguyenthingan@gmail.com', N'Đồng Nai'),
('KH183', N'Lê Minh Hải', N'Nam', '1992-07-23', '079123456983', '0912345883', 'leminhhai@gmail.com', N'Bắc Ninh'),
('KH184', N'Trần Thị Lệ Quyên', N'Nữ', '1996-10-09', '079123456984', '0912345884', 'tranthilequyen@gmail.com', N'Hải Phòng'),
('KH185', N'Nguyễn Đức Anh', N'Nam', '1991-05-19', '079123456985', '0912345885', 'nguyenducanh@gmail.com', N'Gia Lai'),
('KH186', N'Phạm Thị Hồng', N'Nữ', '1999-03-28', '079123456986', '0912345886', 'phamthihong@gmail.com', N'Thanh Hóa'),
('KH187', N'Trần Văn Cường', N'Nam', '1994-02-17', '079123456987', '0912345887', 'tranvancuong@gmail.com', N'Hưng Yên'),
('KH188', N'Lê Thị Thu Hà', N'Nữ', '1995-06-21', '079123456988', '0912345888', 'lethithuha@gmail.com', N'Bắc Giang'),
('KH189', N'Nguyễn Văn Hùng', N'Nam', '1990-08-10', '079123456989', '0912345889', 'nguyenvanhung@gmail.com', N'Quảng Nam'),
('KH190', N'Phan Thị Kim', N'Nữ', '1996-01-31', '079123456990', '0912345890', 'phanthikim@gmail.com', N'Nghệ An'),
('KH191', N'Lê Hữu Long', N'Nam', '1992-09-15', '079123456991', '0912345891', 'lehuulong@gmail.com', N'Bình Dương'),
('KH192', N'Trần Thị Yến', N'Nữ', '1999-02-06', '079123456992', '0912345892', 'tranthiyen@gmail.com', N'Thái Nguyên'),
('KH193', N'Nguyễn Hoàng Sơn', N'Nam', '1993-12-11', '079123456993', '0912345893', 'nguyenhoangson@gmail.com', N'Hà Nội'),
('KH194', N'Đỗ Thị Hoa', N'Nữ', '1997-05-13', '079123456994', '0912345894', 'dothihoa94@gmail.com', N'Quảng Ninh'),
('KH195', N'Phan Văn Thành', N'Nam', '1994-08-25', '079123456995', '0912345895', 'phanvanthanh@gmail.com', N'Đà Nẵng'),
('KH196', N'Nguyễn Thị Phúc', N'Nữ', '1995-10-02', '079123456996', '0912345896', 'nguyenthiphuc@gmail.com', N'Hồ Chí Minh'),
('KH197', N'Lê Minh Hoàn', N'Nam', '1991-03-03', '079123456997', '0912345897', 'leminhhoan@gmail.com', N'Hà Giang'),
('KH198', N'Trần Thị Tâm', N'Nữ', '1999-07-28', '079123456998', '0912345898', 'tranthitam@gmail.com', N'Hải Dương'),
('KH199', N'Nguyễn Văn Bình', N'Nam', '1993-11-07', '079123456999', '0912345899', 'nguyenvanbinh@gmail.com', N'Vĩnh Long'),
('KH200', N'Phạm Thị Minh', N'Nữ', '1997-01-16', '079123457000', '0912345900', 'phamthiminh@gmail.com', N'Hà Nội');





-- Tạo dữ liệu cho LoaiPhong
INSERT INTO LoaiPhong (tenLoaiPhong)
VALUES 
    (N'TIÊU CHUẨN'),
    (N'DELUXE'),
    (N'VIEW BIỂN'),
    (N'GIA ĐÌNH'),
    (N'TỔNG THỐNG');



INSERT INTO TrangThaiPhong (tenTrangThai)
VALUES 
    (N'ĐÃ XÁC NHẬN'),
    (N'ĐÃ NHẬN'),
    (N'CHỜ XỬ LÝ'),
    (N'ĐÃ HỦY');



INSERT INTO [dbo].[DichVu] ([maDichVu], [tenDichVu], [gia], [moTa]) VALUES
('DV001', N'Ăn sáng Buffet', 150000.00, N'Buffet sáng đa dạng món Á-Âu'),
('DV002', N'Bơi tại hồ bơi vô cực', 50000.00, N'Vé sử dụng hồ bơi vô cực trên tầng thượng'),
('DV003', N'Dịch vụ giặt ủi thường', 30000.00, N'Giặt và ủi trong ngày (dưới 3kg)'),
('DV004', N'Đưa đón sân bay (một chiều)', 300000.00, N'Xe 4 chỗ đưa đón đến/đi sân bay'),
('DV005', N'Massage toàn thân 60 phút', 500000.00, N'Massage thư giãn toàn thân 60 phút'),
('DV006', N'Thuê xe đạp (cả ngày)', 50000.00, N'Thuê xe đạp dạo phố, sử dụng trong ngày'),
('DV007', N'Ăn tối Set Menu', 250000.00, N'Thực đơn tối cố định 3 món'),
('DV008', N'Thuê phòng họp (giờ)', 200000.00, N'Thuê phòng họp nhỏ (10 người) theo giờ'),
('DV009', N'Giặt ủi nhanh (2 giờ)', 60000.00, N'Giặt và ủi siêu tốc trong 2 giờ (dưới 3kg)'),
('DV010', N'Tour tham quan thành phố', 450000.00, N'Tour tham quan các điểm nổi bật trong nửa ngày'),
('DV011', N'Dịch vụ xông hơi Sauna', 100000.00, N'Vé sử dụng phòng xông hơi khô'),
('DV012', N'Minibar (Combo nước ngọt)', 120000.00, N'Combo nước ngọt và snack cơ bản'),
('DV013', N'Bể sục Jacuzzi ngoài trời', 80000.00, N'Vé sử dụng bể sục nước nóng'),
('DV014', N'Cocktail đặc biệt (Bar)', 150000.00, N'Một ly cocktail đặc biệt từ Bar Lounge'),
('DV015', N'Lớp Yoga sáng', 80000.00, N'Tham gia lớp yoga buổi sáng 60 phút'),
('DV016', N'Thuê xe máy (cả ngày)', 150000.00, N'Thuê xe tay ga, không bao gồm xăng'),
('DV017', N'Ăn trưa Gọi món', 180000.00, N'Ăn trưa gọi món tại nhà hàng'),
('DV018', N'Chăm sóc da mặt cơ bản', 350000.00, N'Dịch vụ chăm sóc da mặt 45 phút'),
('DV019', N'Dịch vụ trông trẻ (giờ)', 100000.00, N'Dịch vụ trông trẻ theo giờ'),
('DV020', N'Thuê phòng karaoke (giờ)', 250000.00, N'Thuê phòng karaoke riêng tư theo giờ'),
('DV021', N'Dịch vụ đánh giày', 20000.00, N'Đánh bóng giày dép chuyên nghiệp'),
('DV022', N'Phục vụ ăn uống tại phòng', 50000.00, N'Phí phục vụ thêm (chưa gồm món ăn)'),
('DV023', N'Tour khám phá ẩm thực', 600000.00, N'Tour trải nghiệm ẩm thực đường phố'),
('DV024', N'Cắt tóc nam/nữ', 150000.00, N'Cắt tóc cơ bản tại tiệm làm đẹp'),
('DV025', N'Dịch vụ làm móng', 90000.00, N'Cắt, dũa, sơn móng cơ bản'),
('DV026', N'Nước ép trái cây tươi (Bar)', 80000.00, N'Một ly nước ép tươi theo yêu cầu'),
('DV027', N'Thuê dù/áo phao (ngày)', 30000.00, N'Thuê dù hoặc áo phao cho khu vực hồ bơi'),
('DV028', N'Gói trang trí phòng trăng mật', 400000.00, N'Trang trí lãng mạn cho phòng'),
('DV029', N'Đổi tiền ngoại tệ', 0.00, N'Dịch vụ đổi ngoại tệ (Miễn phí)'),
('DV030', N'Thiết bị văn phòng (giờ)', 50000.00, N'Thuê máy chiếu, laptop theo giờ');

PRINT N'Đã chèn 30 dịch vụ thành công.';
GO

--------------------------------------------------------------------------------
-- 4) CHÈN DỮ LIỆU VÀO BẢNG PHONG (70 PHÒNG)
--------------------------------------------------------------------------------
INSERT INTO [dbo].[Phong] ([maPhong], [giaTienMotDem], [moTa], [soChua], [maLoaiPhong], [maTrangThai]) VALUES
-- 30 Standard Room (Loại 1 - 1,000,000 VND, Sức chứa: 2)
('P101', 1000000.00, N'Phòng giường đôi, view nội khu, tầng 1', 2, 1, 1),
('P102', 1000000.00, N'Phòng 2 giường đơn, view nội khu, tầng 1', 2, 1, 2),
('P103', 1000000.00, N'Phòng giường đôi, view thành phố, tầng 1', 2, 1, 1),
('P104', 1000000.00, N'Phòng 2 giường đơn, view thành phố, tầng 1', 2, 1, 3),
('P105', 1000000.00, N'Phòng giường đôi, view nội khu, tầng 1', 2, 1, 1),
('P201', 1000000.00, N'Phòng giường đôi, view nội khu, tầng 2', 2, 1, 1),
('P202', 1000000.00, N'Phòng 2 giường đơn, view nội khu, tầng 2', 2, 1, 2),
('P203', 1000000.00, N'Phòng giường đôi, view thành phố, tầng 2', 2, 1, 1),
('P204', 1000000.00, N'Phòng 2 giường đơn, view thành phố, tầng 2', 2, 1, 1),
('P205', 1000000.00, N'Phòng giường đôi, view nội khu, tầng 2', 2, 1, 3),
('P301', 1000000.00, N'Phòng giường đôi, view nội khu, tầng 3', 2, 1, 1),
('P302', 1000000.00, N'Phòng 2 giường đơn, view nội khu, tầng 3', 2, 1, 2),
('P303', 1000000.00, N'Phòng giường đôi, view thành phố, tầng 3', 2, 1, 1),
('P304', 1000000.00, N'Phòng 2 giường đơn, view thành phố, tầng 3', 2, 1, 1),
('P305', 1000000.00, N'Phòng giường đôi, view nội khu, tầng 3', 2, 1, 1),
('P401', 1000000.00, N'Phòng giường đôi, view nội khu, tầng 4', 2, 1, 2),
('P402', 1000000.00, N'Phòng 2 giường đơn, view nội khu, tầng 4', 2, 1, 1),
('P403', 1000000.00, N'Phòng giường đôi, view thành phố, tầng 4', 2, 1, 1),
('P404', 1000000.00, N'Phòng 2 giường đơn, view thành phố, tầng 4', 2, 1, 3),
('P405', 1000000.00, N'Phòng giường đôi, view nội khu, tầng 4', 2, 1, 1),
('P501', 1000000.00, N'Phòng giường đôi, view nội khu, tầng 5', 2, 1, 2),
('P502', 1000000.00, N'Phòng 2 giường đơn, view nội khu, tầng 5', 2, 1, 1),
('P503', 1000000.00, N'Phòng giường đôi, view thành phố, tầng 5', 2, 1, 1),
('P504', 1000000.00, N'Phòng 2 giường đơn, view thành phố, tầng 5', 2, 1, 1),
('P505', 1000000.00, N'Phòng giường đôi, view nội khu, tầng 5', 2, 1, 3),
('P601', 1000000.00, N'Phòng giường đôi, view nội khu, tầng 6', 2, 1, 1),
('P602', 1000000.00, N'Phòng 2 giường đơn, view nội khu, tầng 6', 2, 1, 2),
('P603', 1000000.00, N'Phòng giường đôi, view thành phố, tầng 6', 2, 1, 1),
('P604', 1000000.00, N'Phòng 2 giường đơn, view thành phố, tầng 6', 2, 1, 1),
('P605', 1000000.00, N'Phòng giường đôi, view nội khu, tầng 6', 2, 1, 1),

-- 20 Superior Room (Loại 2 - 1,500,000 VND, Sức chứa: 2)
('S701', 1500000.00, N'Phòng giường đôi lớn, tầng 7, có ban công nhỏ', 2, 2, 1),
('S702', 1500000.00, N'Phòng 2 giường đơn, tầng 7, hướng hồ bơi', 2, 2, 1),
('S703', 1500000.00, N'Phòng giường đôi lớn, tầng 7, có ban công nhỏ', 2, 2, 2),
('S704', 1500000.00, N'Phòng 2 giường đơn, tầng 7, hướng thành phố', 2, 2, 1),
('S705', 1500000.00, N'Phòng giường đôi lớn, tầng 7, có ban công nhỏ', 2, 2, 3),
('S801', 1500000.00, N'Phòng giường đôi lớn, tầng 8, có ban công nhỏ', 2, 2, 1),
('S802', 1500000.00, N'Phòng 2 giường đơn, tầng 8, hướng hồ bơi', 2, 2, 1),
('S803', 1500000.00, N'Phòng giường đôi lớn, tầng 8, có ban công nhỏ', 2, 2, 2),
('S804', 1500000.00, N'Phòng 2 giường đơn, tầng 8, hướng thành phố', 2, 2, 1),
('S805', 1500000.00, N'Phòng giường đôi lớn, tầng 8, có ban công nhỏ', 2, 2, 1),
('S901', 1500000.00, N'Phòng giường đôi lớn, tầng 9, có ban công nhỏ', 2, 2, 3),
('S902', 1500000.00, N'Phòng 2 giường đơn, tầng 9, hướng hồ bơi', 2, 2, 1),
('S903', 1500000.00, N'Phòng giường đôi lớn, tầng 9, có ban công nhỏ', 2, 2, 1),
('S904', 1500000.00, N'Phòng 2 giường đơn, tầng 9, hướng thành phố', 2, 2, 2),
('S905', 1500000.00, N'Phòng giường đôi lớn, tầng 9, có ban công nhỏ', 2, 2, 1),
('S101', 1500000.00, N'Phòng giường đôi lớn, tầng 10, view đẹp', 2, 2, 1),
('S102', 1500000.00, N'Phòng 2 giường đơn, tầng 10, view đẹp', 2, 2, 1),
('S103', 1500000.00, N'Phòng giường đôi lớn, tầng 10, view đẹp', 2, 2, 3),
('S104', 1500000.00, N'Phòng 2 giường đơn, tầng 10, view đẹp', 2, 2, 1),
('S105', 1500000.00, N'Phòng giường đôi lớn, tầng 10, view đẹp', 2, 2, 1),

-- 15 Deluxe Room (Loại 3 - 2,200,000 VND, Sức chứa: 3)
('D111', 2200000.00, N'Phòng Deluxe King, tầng 11, bồn tắm lớn', 3, 3, 1),
('D112', 2200000.00, N'Phòng Deluxe Twin, tầng 11, view đẹp', 3, 3, 2),
('D113', 2200000.00, N'Phòng Deluxe King, tầng 11, ban công riêng', 3, 3, 1),
('D114', 2200000.00, N'Phòng Deluxe Twin, tầng 11, góc yên tĩnh', 3, 3, 1),
('D115', 2200000.00, N'Phòng Deluxe King, tầng 11, view thành phố', 3, 3, 3),
('D121', 2200000.00, N'Phòng Deluxe King, tầng 12, bồn tắm lớn', 3, 3, 1),
('D122', 2200000.00, N'Phòng Deluxe Twin, tầng 12, view đẹp', 3, 3, 1),
('D123', 2200000.00, N'Phòng Deluxe King, tầng 12, ban công riêng', 3, 3, 2),
('D124', 2200000.00, N'Phòng Deluxe Twin, tầng 12, góc yên tĩnh', 3, 3, 1),
('D125', 2200000.00, N'Phòng Deluxe King, tầng 12, view thành phố', 3, 3, 1),
('D131', 2200000.00, N'Phòng Deluxe King, tầng 13, bồn tắm lớn', 3, 3, 3),
('D132', 2200000.00, N'Phòng Deluxe Twin, tầng 13, view đẹp', 3, 3, 1),
('D133', 2200000.00, N'Phòng Deluxe King, tầng 13, ban công riêng', 3, 3, 1),
('D134', 2200000.00, N'Phòng Deluxe Twin, tầng 13, góc yên tĩnh', 3, 3, 2),
('D135', 2200000.00, N'Phòng Deluxe King, tầng 13, view thành phố', 3, 3, 1),

-- 5 Suite Room (Loại 4 - 3,500,000 VND, Sức chứa: 4)
('Z141', 3500000.00, N'Phòng Suite, tầng 14, 1 phòng ngủ, 1 phòng khách', 4, 4, 1),
('Z142', 3500000.00, N'Phòng Suite, tầng 14, view toàn cảnh thành phố', 4, 4, 1),
('Z143', 3500000.00, N'Phòng Suite, tầng 14, bồn tắm sục, tiện nghi cao cấp', 4, 4, 2),
('Z151', 3500000.00, N'Phòng Tổng thống (Presidential Suite), tầng 15, view đẹp nhất', 4, 4, 1),
('Z152', 3500000.00, N'Phòng Executive Suite, tầng 15, tiện nghi sang trọng', 4, 4, 3);

INSERT INTO [dbo].[KhuyenMai] 
    ([maKhuyenMai], [tenKhuyenMai], [chietKhau], [ngayBatDau], [ngayKetThuc])
VALUES
('WEEKEND50', N'Giảm giá cuối tuần', 20.00, '2025-01-01', '2025-02-15'),
('KM002', N'Combo nghỉ dưỡng 3N2Đ tặng bữa sáng miễn phí', 15.00, '2025-02-01', '2025-03-15'),
('KM003', N'Giảm giá dịch vụ Spa cuối tuần', 25.00, '2025-03-01', '2025-03-31'),
('KM004', N'Giảm 10% khi đặt phòng qua website', 10.00, '2025-04-01', '2025-06-30'),
('KM005', N'Tặng voucher 200k cho khách ở từ 2 đêm trở lên', 0.00, '2025-04-15', '2025-05-31'),
('KM006', N'Giảm 30% dịch vụ thuê xe đưa đón sân bay', 30.00, '2025-05-01', '2025-07-31'),
('KM007', N'Giảm 15% khi sử dụng dịch vụ giặt ủi', 15.00, '2025-06-01', '2025-08-31'),
('KM008', N'Mua 1 tặng 1 buffet tối tại nhà hàng Hoa Sen', 50.00, '2025-07-01', '2025-07-30'),
('KM009', N'Giảm giá 25% khi đặt phòng Suite trước 30 ngày', 25.00, '2025-08-01', '2025-09-30'),
('KM010', N'Ưu đãi 20% cho khách hàng thân thiết', 20.00, '2025-09-01', '2025-12-31'),
('KM011', N'Giảm 10% dịch vụ massage đá nóng', 10.00, '2025-10-01', '2025-11-15'),
('KM012', N'Combo nghỉ dưỡng + Spa giảm 18%', 18.00, '2025-11-01', '2025-12-15'),
('KM013', N'Giảm 12% giá phòng hạng Standard mùa thấp điểm', 12.00, '2025-10-15', '2025-11-30'),
('KM014', N'Giảm giá đặc biệt cho đoàn khách từ 10 người trở lên', 20.00, '2025-01-01', '2025-12-31'),
('KM015', N'Khuyến mãi mùa lễ hội – Giảm 15% toàn bộ dịch vụ', 15.00, '2025-12-01', '2026-01-15'),
('KM016', N'Giảm 10% khi đặt combo phòng + ăn sáng', 10.00, '2025-05-01', '2025-10-01'),
('KM017', N'Tặng 1 suất Spa khi đặt phòng VIP', 0.00, '2025-03-01', '2025-12-31'),
('KM018', N'Giảm 5% cho khách hàng thanh toán online', 5.00, '2025-04-01', '2025-12-31'),
('KM019', N'Giảm 20% dịch vụ thuê xe tham quan', 20.00, '2025-07-01', '2025-10-01'),
('KM020', N'Giảm 50% cho lần sử dụng dịch vụ đầu tiên', 50.00, '2025-01-01', '2025-06-30');


SET IDENTITY_INSERT LoaiNhanVien ON;

INSERT INTO LoaiNhanVien (maLoaiNV, tenLoaiNV)
VALUES
(1, N'Quản lý'),
(2, N'Lễ tân');

SET IDENTITY_INSERT LoaiNhanVien OFF;



INSERT INTO [dbo].[NhanVien] ([maNV], [hoTen], [ngaySinh], [gioiTinh], [cccd], [sdt], [email], [matKhau], [maLoaiNV]) VALUES
('NV001', N'Nguy?n V?n An', '1995-03-15', N'Nam', '012345678901', '0987654321', 'nguyen.van.an@example.com', 'password123', 1),
('NV002', N'Tr?n Th? Bình', '1998-07-22', N'N?', '012345678902', '0987654322', 'tran.thi.binh@example.com', 'password123', 2),
('NV003', N'Lê Minh C??ng', '1992-11-01', N'Nam', '012345678903', '0987654323', 'le.minh.cuong@example.com', 'password123', 1),
('NV004', N'Ph?m Th? Dung', '2000-01-30', N'N?', '012345678904', '0987654324', 'pham.thi.dung@example.com', 'password123', 2),
('NV005', N'Hoàng V?n Giang', '1993-09-12', N'Nam', '012345678905', '0987654325', 'hoang.van.giang@example.com', 'password123', 1),
('NV006', N'Hu?nh Th? Hà', '1997-05-18', N'N?', '012345678906', '0987654326', 'huynh.thi.ha@example.com', 'password123', 2),
('NV007', N'Phan V?n Hùng', '1990-12-25', N'Nam', '012345678907', '0987654327', 'phan.van.hung@example.com', 'password123', 1),
('NV008', N'V? Th? H??ng', '1999-04-05', N'N?', '012345678908', '0987654328', 'vu.thi.huong@example.com', 'password123', 2),
('NV009', N'Võ Minh Khang', '1996-08-10', N'Nam', '012345678909', '0987654329', 'vo.minh.khang@example.com', 'password123', 1),
('NV010', N'??ng Th? Lan', '1994-02-28', N'N?', '012345678910', '0987654330', 'dang.thi.lan@example.com', 'password123', 2),
('NV011', N'Bùi V?n Long', '1991-06-19', N'Nam', '012345678911', '0987654331', 'bui.van.long@example.com', 'password123', 1),
('NV012', N'?? Th? Mai', '2001-10-09', N'N?', '012345678912', '0987654332', 'do.thi.mai@example.com', 'password123', 2),
('NV013', N'H? V?n Nam', '1989-07-07', N'Nam', '012345678913', '0987654333', 'ho.van.nam@example.com', 'password123', 1),
('NV014', N'Ngô Th? Nga', '1997-11-11', N'N?', '012345678914', '0987654334', 'ngo.thi.nga@example.com', 'password123', 2),
('NV015', N'D??ng V?n Phong', '1993-03-23', N'Nam', '012345678915', '0987654335', 'duong.van.phong@example.com', 'password123', 1),
('NV016', N'Lý Th? Qu?nh', '1998-12-01', N'N?', '012345678916', '0987654336', 'ly.thi.quynh@example.com', 'password123', 2),
('NV017', N'Nguy?n Minh S?n', '1994-04-14', N'Nam', '012345678917', '0987654337', 'nguyen.minh.son@example.com', 'password123', 1),
('NV018', N'Tr?n Th? Tâm', '1999-09-09', N'N?', '012345678918', '0987654338', 'tran.thi.tam@example.com', 'password123', 2),
('NV019', N'Lê V?n Th?ng', '1992-01-05', N'Nam', '012345678919', '0987654339', 'le.van.thang@example.com', 'password123', 1),
('NV020', N'Ph?m Th? Trang', '2000-06-20', N'N?', '012345678920', '0987654340', 'pham.thi.trang@example.com', 'password123', 2),
('NV021', N'Hoàng Minh Tu?n', '1995-10-10', N'Nam', '012345678921', '0912345671', 'hoang.minh.tuan@example.com', 'password123', 1),
('NV022', N'Hu?nh Ng?c Anh', '1998-02-15', N'N?', '012345678922', '0912345672', 'huynh.ngoc.anh@example.com', 'password123', 2),
('NV023', N'Phan Công Danh', '1991-07-01', N'Nam', '012345678923', '0912345673', 'phan.cong.danh@example.com', 'password123', 1),
('NV024', N'V? Thùy Linh', '1999-11-20', N'N?', '012345678924', '0912345674', 'vu.thuy.linh@example.com', 'password123', 2),
('NV025', N'Võ ??c Trung', '1993-04-30', N'Nam', '012345678925', '0912345675', 'vo.duc.trung@example.com', 'password123', 1),
('NV026', N'??ng B?o Vy', '1997-09-05', N'N?', '012345678926', '0912345676', 'dang.bao.vy@example.com', 'password123', 2),
('NV027', N'Bùi Quang Huy', '1990-12-12', N'Nam', '012345678927', '0912345677', 'bui.quang.huy@example.com', 'password123', 1),
('NV028', N'?? Ph??ng Th?o', '2000-05-25', N'N?', '012345678928', '0912345678', 'do.phuong.thao@example.com', 'password123', 2),
('NV029', N'H? Gia B?o', '1996-08-18', N'Nam', '012345678929', '0912345679', 'ho.gia.bao@example.com', 'password123', 1),
('NV030', N'Ngô Thanh Thúy', '1994-01-01', N'N?', '012345678930', '0912345680', 'ngo.thanh.thuy@example.com', 'password123', 2),
('NV031', N'D??ng H?u Tài', '1992-05-10', N'Nam', '012345678931', '0912345681', 'duong.huu.tai@example.com', 'password123', 1),
('NV032', N'Lý Kim Ngân', '1999-09-19', N'N?', '012345678932', '0912345682', 'ly.kim.ngan@example.com', 'password123', 2),
('NV033', N'Nguy?n Duy Khoa', '1997-03-08', N'Nam', '012345678933', '0912345683', 'nguyen.duy.khoa@example.com', 'password123', 1),
('NV034', N'Tr?n Ng?c Di?p', '1996-11-22', N'N?', '012345678934', '0912345684', 'tran.ngoc.diep@example.com', 'password123', 2),
('NV035', N'Lê Anh Tu?n', '1990-06-15', N'Nam', '012345678935', '0912345685', 'le.anh.tuan@example.com', 'password123', 1),
('NV036', N'Ph?m M? Linh', '2001-08-03', N'N?', '012345678936', '0912345686', 'pham.my.linh@example.com', 'password123', 2),
('NV037', N'Hoàng Xuân Bách', '1988-10-27', N'Nam', '012345678937', '0912345687', 'hoang.xuan.bach@example.com', 'password123', 1),
('NV038', N'Hu?nh Kim Chi', '1995-02-14', N'N?', '012345678938', '0912345688', 'huynh.kim.chi@example.com', 'password123', 2),
('NV039', N'Phan Qu?c Vi?t', '1993-07-11', N'Nam', '012345678939', '0912345689', 'phan.quoc.viet@example.com', 'password123', 1),
('NV040', N'V? Lan Anh', '1998-12-05', N'N?', '012345678940', '0912345690', 'vu.lan.anh@example.com', 'password123', 2),
('NV041', N'Võ Thành ??t', '1994-04-18', N'Nam', '012345678941', '0912345691', 'vo.thanh.dat@example.com', 'password123', 1),
('NV042', N'??ng Thu Hà', '1999-09-29', N'N?', '012345678942', '0912345692', 'dang.thu.ha@example.com', 'password123', 2),
('NV043', N'Bùi Tr?ng Nhân', '1992-01-22', N'Nam', '012345678943', '0912345693', 'bui.trong.nhan@example.com', 'password123', 1),
('NV044', N'?? H?ng Nhung', '2000-06-08', N'N?', '012345678944', '0912345694', 'do.hong.nhung@example.com', 'password123', 2),
('NV045', N'H? Minh Nh?t', '1991-10-15', N'Nam', '012345678945', '0912345695', 'ho.minh.nhat@example.com', 'password123', 1),
('NV046', N'Ngô Di?m My', '1997-03-25', N'N?', '012345678946', '0912345696', 'ngo.diem.my@example.com', 'password123', 2),
('NV047', N'D??ng Quang Minh', '1996-08-01', N'Nam', '012345678947', '0912345697', 'duong.quang.minh@example.com', 'password123', 1),
('NV048', N'Lý Th?o Nguyên', '1993-11-09', N'N?', '012345678948', '0912345698', 'ly.thao.nguyen@example.com', 'password123', 2),
('NV049', N'Nguy?n Hoàng Phúc', '1989-05-14', N'Nam', '012345678949', '0912345699', 'nguyen.hoang.phuc@example.com', 'password123', 1),
('NV050', N'Tr?n Ki?u Oanh', '2002-07-27', N'N?', '012345678950', '0912345700', 'tran.kieu.oanh@example.com', 'password123', 2),
('NV051', N'Lê T?n Phát', '1995-09-02', N'Nam', '012345678951', '0912345701', 'le.tan.phat@example.com', 'password123', 1),
('NV052', N'Ph?m Thu Th?y', '1998-01-17', N'N?', '012345678952', '0912345702', 'pham.thu.thuy@example.com', 'password123', 2),
('NV053', N'Hoàng Qu?c B?o', '1991-04-21', N'Nam', '012345678953', '0912345703', 'hoang.quoc.bao@example.com', 'password123', 1),
('NV054', N'Hu?nh Mai Ph??ng', '1999-08-11', N'N?', '012345678954', '0912345704', 'huynh.mai.phuong@example.com', 'password123', 2),
('NV055', N'Phan ?ình Khôi', '1993-11-28', N'Nam', '012345678955', '0912345705', 'phan.dinh.khoi@example.com', 'password123', 1),
('NV056', N'V? Minh Châu', '1997-02-09', N'N?', '012345678956', '0912345706', 'vu.minh.chau@example.com', 'password123', 2),
('NV057', N'Võ Thanh Sang', '1990-05-04', N'Nam', '012345678957', '0912345707', 'vo.thanh.sang@example.com', 'password123', 1),
('NV058', N'??ng Ng?c Trâm', '2000-10-19', N'N?', '012345678958', '0912345708', 'dang.ngoc.tram@example.com', 'password123', 2),
('NV059', N'Bùi Vi?t Anh', '1996-01-26', N'Nam', '012345678959', '0912345709', 'bui.viet.anh@example.com', 'password123', 1),
('NV060', N'?? Thúy H?ng', '1994-06-30', N'N?', '012345678960', '0912345710', 'do.thuy.hang@example.com', 'password123', 2),
('NV061', N'H? Chí Công', '1992-09-13', N'Nam', '012345678961', '0912345711', 'ho.chi.cong@example.com', 'password123', 1),
('NV062', N'Ngô Kim Liên', '1998-03-02', N'N?', '012345678962', '0912345712', 'ngo.kim.lien@example.com', 'password123', 2),
('NV063', N'D??ng V?n ??c', '1995-07-20', N'Nam', '012345678963', '0912345713', 'duong.van.duc@example.com', 'password123', 1),
('NV064', N'Lý Bích Th?y', '1990-11-04', N'N?', '012345678964', '0912345714', 'ly.bich.thuy@example.com', 'password123', 2),
('NV065', N'Nguy?n Ti?n D?ng', '1997-04-10', N'Nam', '012345678965', '0912345715', 'nguyen.tien.dung@example.com', 'password123', 1),
('NV066', N'Tr?n Thu Ph??ng', '1999-08-23', N'N?', '012345678966', '0912345716', 'tran.thu.phuong@example.com', 'password123', 2),
('NV067', N'Lê Minh Hoàng', '1993-12-18', N'Nam', '012345678967', '0912345717', 'le.minh.hoang@example.com', 'password123', 1),
('NV068', N'Ph?m Ng?c Bích', '1996-05-09', N'N?', '012345678968', '0912345718', 'pham.ngoc.bich@example.com', 'password123', 2),
('NV069', N'Hoàng Anh Khoa', '1991-09-01', N'Nam', '012345678969', '0912345719', 'hoang.anh.khoa@example.com', 'password123', 1),
('NV070', N'Hu?nh Thúy An', '2001-01-28', N'N?', '012345678970', '0912345720', 'huynh.thuy.an@example.com', 'password123', 2),
('NV071', N'Phan Thanh Bình', '1989-04-03', N'Nam', '012345678971', '0912345721', 'phan.thanh.binh@example.com', 'password123', 1),
('NV072', N'V? Th? H?ng', '1997-08-16', N'N?', '012345678972', '0912345722', 'vu.thi.hong@example.com', 'password123', 2),
('NV073', N'Võ Duy M?nh', '1994-11-13', N'Nam', '012345678973', '0912345723', 'vo.duy.manh@example.com', 'password123', 1),
('NV074', N'??ng Thanh Mai', '1999-02-22', N'N?', '012345678974', '0912345724', 'dang.thanh.mai@example.com', 'password123', 2),
('NV075', N'Bùi Minh Quân', '1992-06-05', N'Nam', '012345678975', '0912345725', 'bui.minh.quan@example.com', 'password123', 1),
('NV076', N'?? Th? Kim Anh', '1998-10-24', N'N?', '012345678976', '0912345726', 'do.thi.kim.anh@example.com', 'password123', 2),
('NV077', N'H? Thanh Tùng', '1995-01-08', N'Nam', '012345678977', '0912345727', 'ho.thanh.tung@example.com', 'password123', 1),
('NV078', N'Ngô M? Duyên', '2000-05-12', N'N?', '012345678978', '0912345728', 'ngo.my.duyen@example.com', 'password123', 2),
('NV079', N'D??ng Chí Thi?n', '1991-09-17', N'Nam', '012345678979', '0912345729', 'duong.chi.thien@example.com', 'password123', 1),
('NV080', N'Lý Gia Hân', '1997-12-26', N'N?', '012345678980', '0912345730', 'ly.gia.han@example.com', 'password123', 2),
('NV081', N'Nguy?n Bá Long', '1993-03-10', N'Nam', '012345678981', '0912345731', 'nguyen.ba.long@example.com', 'password123', 1),
('NV082', N'Tr?n Ng?c Mai', '1998-07-03', N'N?', '012345678982', '0912345732', 'tran.ngoc.mai@example.com', 'password123', 2),
('NV083', N'Lê Quang Vinh', '1990-11-19', N'Nam', '012345678983', '0912345733', 'le.quang.vinh@example.com', 'password123', 1),
('NV084', N'Ph?m Di?u Linh', '2001-02-08', N'N?', '012345678984', '0912345734', 'pham.dieu.linh@example.com', 'password123', 2),
('NV085', N'Hoàng V?n Hi?u', '1988-06-25', N'Nam', '012345678985', '0912345735', 'hoang.van.hieu@example.com', 'password123', 1),
('NV086', N'Hu?nh Ánh Tuy?t', '1996-09-15', N'N?', '012345678986', '0912345736', 'huynh.anh.tuyet@example.com', 'password123', 2),
('NV087', N'Phan V?n Tài', '1994-01-07', N'Nam', '012345678987', '0912345737', 'phan.van.tai@example.com', 'password123', 1),
('NV088', N'V? Qu?nh Trang', '1999-04-28', N'N?', '012345678988', '0912345738', 'vu.quynh.trang@example.com', 'password123', 2),
('NV089', N'Võ Hoàng Nam', '1992-08-14', N'Nam', '012345678989', '0912345739', 'vo.hoang.nam@example.com', 'password123', 1),
('NV090', N'??ng Ph??ng Anh', '1997-12-09', N'N?', '012345678990', '0912345740', 'dang.phuong.anh@example.com', 'password123', 2),
('NV091', N'Bùi ??c Anh', '1993-03-05', N'Nam', '012345678991', '0912345741', 'bui.duc.anh@example.com', 'password123', 1),
('NV092', N'?? Ng?c Hà', '1998-07-18', N'N?', '012345678992', '0912345742', 'do.ngoc.ha@example.com', 'password123', 2),
('NV093', N'H? V?n Khánh', '1990-11-26', N'Nam', '012345678993', '0912345743', 'ho.van.khanh@example.com', 'password123', 1),
('NV094', N'Ngô T? Nh?', '2000-02-11', N'N?', '012345678994', '0912345744', 'ngo.to.nhu@example.com', 'password123', 2),
('NV095', N'D??ng Xuân Tr??ng', '1995-06-03', N'Nam', '012345678995', '0912345745', 'duong.xuan.truong@example.com', 'password123', 1),
('NV096', N'Lý Thanh Huy?n', '1991-10-02', N'N?', '012345678996', '0912345746', 'ly.thanh.huyen@example.com', 'password123', 2),
('NV097', N'Nguy?n ?ình Tr?ng', '1996-01-31', N'Nam', '012345678997', '0912345747', 'nguyen.dinh.trong@example.com', 'password123', 1),
('NV098', N'Tr?n Th? Kim Cúc', '1998-05-15', N'N?', '012345678998', '0912345748', 'tran.thi.kim.cuc@example.com', 'password123', 2),
('NV099', N'Lê V?n ?ô', '1992-09-07', N'Nam', '012345678999', '0912345749', 'le.van.do@example.com', 'password123', 1),
('NV100', N'Ph?m Thùy D??ng', '1997-12-21', N'N?', '012345679000', '0912345750', 'pham.thuy.duong@example.com', 'password123', 2),
('NV101', N'Hoàng Ti?n Linh', '1994-03-12', N'Nam', '012345679001', '0977654321', 'hoang.tien.linh@example.com', 'password123', 1),
('NV102', N'Hu?nh B?o Ng?c', '1999-07-25', N'N?', '012345679002', '0977654322', 'huynh.bao.ngoc@example.com', 'password123', 2),
('NV103', N'Phan Tu?n H?i', '1991-11-06', N'Nam', '012345679003', '0977654323', 'phan.tuan.hai@example.com', 'password123', 1),
('NV104', N'V? Th? Y?n', '1996-02-18', N'N?', '012345679004', '0977654324', 'vu.thi.yen@example.com', 'password123', 2),
('NV105', N'Võ Công Ph??ng', '1993-06-22', N'Nam', '012345679005', '0977654325', 'vo.cong.phuong@example.com', 'password1GE', 1),
('NV106', N'??ng Vân Nhi', '1998-10-03', N'N?', '012345679006', '0977654326', 'dang.van.nhi@example.com', 'password1GE', 2),
('NV107', N'Bùi Hoàng Vi?t Anh', '1990-01-14', N'Nam', '012345679007', '0977654327', 'bui.hoang.viet.anh@example.com', 'password1GE', 1),
('NV108', N'?? Th? Hà', '2001-04-09', N'N?', '012345679008', '0977654328', 'do.thi.ha@example.com', 'password1GE', 2),
('NV109', N'H? T?n Tài', '1995-08-27', N'Nam', '012345679009', '0977654329', 'ho.tan.tai@example.com', 'password1GE', 1),
('NV110', N'Ngô Hoàng Th?nh', '1992-12-11', N'N?', '012345679010', '0977654330', 'ngo.hoang.thinh@example.com', 'password1GE', 2),
('NV111', N'D??ng Thanh Hào', '1997-03-07', N'Nam', '012345679011', '0977654331', 'duong.thanh.hao@example.com', 'password1GE', 1),
('NV112', N'Lý Thùy Dung', '1994-07-13', N'N?', '012345679012', '0977654332', 'ly.thuy.dung@example.com', 'password1GE', 2),
('NV113', N'Nguy?n Phong H?ng Duy', '1990-11-29', N'Nam', '012345679013', '0977654333', 'nguyen.phong.hong.duy@example.com', 'password1GE', 1),
('NV114', N'Tr?n Th? Thu', '1996-04-16', N'N?', '012345679014', '0977654334', 'tran.thi.thu@example.com', 'password1GE', 2),
('NV115', N'Lê V?n Xuân', '1999-09-03', N'Nam', '012345679015', '0977654335', 'le.van.xuan@example.com', 'password1GE', 1),
('NV116', N'Ph?m Hoàng Qu?nh', '1992-01-21', N'N?', '012345679016', '0977654336', 'pham.hoang.quynh@example.com', 'password1GE', 2),
('NV117', N'Hoàng ??c Chi?n', '1997-05-18', N'Nam', '012345679017', '0977654337', 'hoang.duc.chien@example.com', 'password1GE', 1),
('NV118', N'Hu?nh Nh?', '1991-09-28', N'N?', '012345679018', '0977654338', 'huynh.nhu@example.com', 'password1GE', 2),
('NV119', N'Phan V?n ??c', '1995-02-11', N'Nam', '012345679019', '0977654339', 'phan.van.duc@example.com', 'password1GE', 1),
('NV120', N'V? Th? Nhung', '1998-06-08', N'N?', '012345679020', '0977654340', 'vu.thi.nhung@example.com', 'password1GE', 2),
('NV121', N'Võ Huy Toàn', '1993-10-25', N'Nam', '012345679021', '0977654341', 'vo.huy.toan@example.com', 'password1GE', 1),
('NV122', N'??ng Th? Ki?u Trinh', '1985-08-19', N'N?', '012345679022', '0977654342', 'dang.thi.kieu.trinh@example.com', 'password1GE', 2),
('NV123', N'Bùi Ti?n D?ng', '1997-02-28', N'Nam', '012345679023', '0977654343', 'bui.tien.dung@example.com', 'password1GE', 1),
('NV124', N'?? Th? Ng?c Châm', '1985-09-24', N'N?', '012345679024', '0977654344', 'do.thi.ngoc.cham@example.com', 'password1GE', 2),
('NV125', N'H? Tu?n Tài', '1995-03-16', N'Nam', '012345679025', '0977654345', 'ho.tuan.tai@example.com', 'password1GE', 1),
('NV126', N'Ngô Th? Th?y', '1999-07-07', N'N?', '012345679026', '0977654346', 'ngo.thi.thuy@example.com', 'password1GE', 2),
('NV127', N'D??ng V?n Hào', '1996-11-02', N'Nam', '012345679027', '0977654347', 'duong.van.hao@example.com', 'password1GE', 1),
('NV128', N'Lý Hoàng Nam', '1997-02-25', N'N?', '012345679028', '0977654348', 'ly.hoang.nam@example.com', 'password1GE', 2),
('NV129', N'Nguy?n Anh ??c', '1985-01-25', N'Nam', '012345679029', '0977654349', 'nguyen.anh.duc@example.com', 'password1GE', 1),
('NV130', N'Tr?n Th? Duyên', '2000-04-28', N'N?', '012345679030', '0977654350', 'tran.thi.duyen@example.com', 'password1GE', 2),
('NV131', N'Lê Công Vinh', '1985-12-10', N'Nam', '012345679031', '0977654351', 'le.cong.vinh@example.com', 'password1GE', 1),
('NV132', N'Ph?m H?i Y?n', '1994-11-09', N'N?', '012345679032', '0977654352', 'pham.hai.yen@example.com', 'password1GE', 2),
('NV133', N'Hoàng V?nh Nguyên', '2002-02-03', N'Nam', '012345679033', '0977654353', 'hoang.vinh.nguyen@example.com', 'password1GE', 1),
('NV134', N'Hu?nh Th? Thanh Khi?t', '1993-05-20', N'N?', '012345679034', '0977654354', 'huynh.thi.thanh.khiet@example.com', 'password1GE', 2),
('NV135', N'Phan Thanh H?u', '1997-01-12', N'Nam', '012345679035', '0977654355', 'phan.thanh.hau@example.com', 'password1GE', 1),
('NV136', N'V? Th? Thúy', '1994-08-08', N'N?', '012345679036', '0977654356', 'vu.thi.thuy@example.com', 'password1GE', 2),
('NV137', N'Võ Hoàng Qu?ng', '1987-01-01', N'Nam', '012345679037', '0977654357', 'vo.hoang.quang@example.com', 'password1GE', 1),
('NV138', N'??ng Th? H?ng Duy', '1992-06-07', N'N?', '012345679038', '0977654358', 'dang.thi.hong.duy@example.com', 'password1GE', 2),
('NV139', N'Bùi T?n Tr??ng', '1986-02-19', N'Nam', '012345679039', '0977654359', 'bui.tan.truong@example.com', 'password1GE', 1),
('NV140', N'?? Th? Thùy Dung', '1995-09-11', N'N?', '012345679040', '0977654360', 'do.thi.thuy.dung@example.com', 'password1GE', 2),
('NV141', N'H? Ng?c Th?ng', '1994-02-07', N'Nam', '012345679041', '0977654361', 'ho.ngoc.thang@example.com', 'password1GE', 1),
('NV142', N'Ngô Th? H?nh', '1998-05-29', N'N?', '012345679042', '0977654362', 'ngo.thi.hanh@example.com', 'password1GE', 2),
('NV143', N'D??ng V?n Khoa', '1994-05-06', N'Nam', '012345679043', '0977654363', 'duong.van.khoa@example.com', 'password1GE', 1),
('NV144', N'Lý Ng?c Hoa', '1997-10-13', N'N?', '012345679044', '0977654364', 'ly.ngoc.hoa@example.com', 'password1GE', 2),
('NV145', N'Nguy?n Huy Hùng', '1992-03-02', N'Nam', '012345679045', '0977654365', 'nguyen.huy.hung@example.com', 'password1GE', 1),
('NV146', N'Tr?n Th? Thùy Trang', '1988-08-08', N'N?', '012345679046', '0977654366', 'tran.thi.thuy.trang@example.com', 'password1GE', 2),
('NV147', N'Lê Qu?c Ph??ng', '1991-05-19', N'Nam', '012345679047', '0977654367', 'le.quoc.phuong@example.com', 'password1GE', 1),
('NV148', N'Ph?m Th? T??i', '1993-07-28', N'N?', '012345679048', '0977654368', 'pham.thi.tuoi@example.com', 'password1GE', 2),
('NV149', N'Hoàng Thanh Tùng', '1996-11-19', N'Nam', '012345679049', '0977654369', 'hoang.thanh.tung@example.com', 'password1GE', 1),
('NV150', N'Hu?nh B?o Châu', '1999-03-14', N'N?', '012345679050', '0977654370', 'huynh.bao.chau@example.com', 'password1GE', 2),
('NV151', N'Phan Hoàng Thái', '1993-08-01', N'Nam', '012345679051', '0977654371', 'phan.hoang.thai@example.com', 'password1GE', 1),
('NV152', N'V? Th? Hoa', '1997-11-25', N'N?', '012345679052', '0977654372', 'vu.thi.hoa@example.com', 'password1GE', 2),
('NV153', N'Võ Lý', '1993-12-27', N'Nam', '012345679053', '0977654373', 'vo.ly@example.com', 'password1GE', 1),
('NV154', N'??ng Thùy Dung', '1995-04-06', N'N?', '012345679054', '0977654374', 'dang.thuy.dung@example.com', 'password1GE', 2),
('NV155', N'Bùi V?n ??c', '1990-08-10', N'Nam', '012345679055', '0977654375', 'bui.van.duc@example.com', 'password1GE', 1),
('NV156', N'?? Th? Minh Nguy?t', '1986-01-28', N'N?', '012345679056', '0977654376', 'do.thi.minh.nguyet@example.com', 'password1GE', 2),
('NV157', N'H? S? Sâm', '1993-09-02', N'Nam', '012345679057', '0977654377', 'ho.sy.sam@example.com', 'password1GE', 1),
('NV158', N'Ngô Th? Th?o', '1996-12-19', N'N?', '012345679058', '0977654378', 'ngo.thi.thao@example.com', 'password1GE', 2),
('NV159', N'D??ng V?n Trung', '1992-04-25', N'Nam', '012345679059', '0977654379', 'duong.van.trung@example.com', 'password1GE', 1),
('NV160', N'Lý Thúy Ki?u', '1998-09-08', N'N?', '012345679060', '0977654380', 'ly.thuy.kieu@example.com', 'password1GE', 2),
('NV161', N'Nguy?n Tr?ng Hoàng', '1989-08-31', N'Nam', '012345679061', '0977654381', 'nguyen.trong.hoang@example.com', 'password1GE', 1),
('NV162', N'Tr?n Th? H?ng Nhung', '1992-05-28', N'N?', '012345679062', '0977654382', 'tran.thi.hong.nhung@example.com', 'password1GE', 2),
('NV163', N'Lê S? Minh', '1990-01-01', N'Nam', '012345679063', '0977654383', 'le.sy.minh@example.com', 'password1GE', 1),
('NV164', N'Ph?m Hoàng Y?n', '1996-06-12', N'N?', '012345679064', '0977654384', 'pham.hoang.yen@example.com', 'password1GE', 2),
('NV165', N'Hoàng V?n Khánh', '1995-04-05', N'Nam', '012345679065', '0977654385', 'hoang.van.khanh@example.com', 'password1GE', 1),
('NV166', N'Hu?nh Hoàng My', '1999-08-22', N'N?', '012345679066', '0977654386', 'huynh.hoang.my@example.com', 'password1GE', 2),
('NV167', N'Phan Công Nh?t', '1992-11-15', N'Nam', '012345679067', '0977654387', 'phan.cong.nhat@example.com', 'password1GE', 1),
('NV168', N'V? Th? Huy?n', '1997-03-29', N'N?', '012345679068', '0977654388', 'vu.thi.huyen@example.com', 'password1GE', 2),
('NV169', N'Võ Nh?t Tân', '1994-07-04', N'Nam', '012345679069', '0977654389', 'vo.nhat.tan@example.com', 'password1GE', 1),
('NV170', N'??ng B?o Trân', '1998-10-17', N'N?', '012345679070', '0977654390', 'dang.bao.tran@example.com', 'password1GE', 2),
('NV171', N'Bùi Duy Th??ng', '1996-04-05', N'Nam', '012345679071', '0977654391', 'bui.duy.thuong@example.com', 'password1GE', 1),
('NV172', N'?? Di?m Qu?nh', '1993-08-13', N'N?', '012345679072', '0977654392', 'do.diem.quynh@example.com', 'password1GE', 2),
('NV173', N'H? V?n L?i', '1991-12-01', N'Nam', '012345679073', '0977654393', 'ho.van.loi@example.com', 'password1GE', 1),
('NV174', N'Ngô Th? Sen', '1997-04-23', N'N?', '012345679074', '0977654394', 'ngo.thi.sen@example.com', 'password1GE', 2),
('NV175', N'D??ng Thanh Bình', '1995-09-09', N'Nam', '012345679075', '0977654395', 'duong.thanh.binh@example.com', 'password1GE', 1),
('NV176', N'Lý Th?c Trinh', '1990-01-18', N'N?', '012345679076', '0977654396', 'ly.thuc.trinh@example.com', 'password1GE', 2),
('NV177', N'Nguy?n Xuân Nam', '1994-01-18', N'Nam', '012345679077', '0977654397', 'nguyen.xuan.nam@example.com', 'password1GE', 1),
('NV178', N'Tr?n Th? Thanh Thúy', '1997-11-12', N'N?', '012345679078', '0977654398', 'tran.thi.thanh.thuy@example.com', 'password1GE', 2),
('NV179', N'Lê V?n ??i', '1996-05-13', N'Nam', '012345679079', '0977654399', 'le.van.dai@example.com', 'password1GE', 1),
('NV180', N'Ph?m Bích Ng?c', '1999-09-27', N'N?', '012345679080', '0977654400', 'pham.bich.ngoc@example.com', 'password1GE', 2),
('NV181', N'Hoàng Ng?c Hùng', '1992-02-05', N'Nam', '012345679081', '0977111111', 'hoang.ngoc.hung@example.com', 'password1GE', 1),
('NV182', N'Hu?nh Thùy Linh', '1997-06-19', N'N?', '012345679082', '0977111112', 'huynh.thuy.linh@example.com', 'password1GE', 2),
('NV183', N'Phan V?n Long', '1996-06-01', N'Nam', '012345679083', '0977111113', 'phan.van.long@example.com', 'password1GE', 1),
('NV184', N'V? Th? H?ng H?nh', '1994-10-15', N'N?', '012345679084', '0977111114', 'vu.thi.hong.hanh@example.com', 'password1GE', 2),
('NV185', N'Võ Ng?c Toàn', '1991-03-22', N'Nam', '012345679085', '0977111115', 'vo.ngoc.toan@example.com', 'password1GE', 1),
('NV186', N'??ng Khánh Linh', '1998-08-08', N'N?', '012345679086', '0977111116', 'dang.khanh.linh@example.com', 'password1GE', 2),
('NV187', N'Bùi V?n S?n', '1995-12-03', N'Nam', '012345679087', '0977111117', 'bui.van.son@example.com', 'password1GE', 1),
('NV188', N'?? Y?n Nhi', '1990-05-17', N'N?', '012345679088', '0977111118', 'do.yen.nhi@example.com', 'password1GE', 2),
('NV189', N'H? Kh?c Ng?c', '1992-08-02', N'Nam', '012345679089', '0977111119', 'ho.khac.ngoc@example.com', 'password1GE', 1),
('NV190', N'Ngô Th? Ph??ng', '1997-11-29', N'N?', '012345679090', '0977111120', 'ngo.thi.phuong@example.com', 'password1GE', 2),
('NV191', N'D??ng V?n Thái', '1992-04-01', N'Nam', '012345679091', '0977111121', 'duong.van.thai@example.com', 'password1GE', 1),
('NV192', N'Lý Hu?nh My', '1998-09-14', N'N?', '012345679092', '0977111122', 'ly.huynh.my@example.com', 'password1GE', 2),
('NV193', N'Nguy?n V?n Toàn', '1996-04-12', N'Nam', '012345679093', '0977111123', 'nguyen.van.toan@example.com', 'password1GE', 1),
('NV194', N'Tr?n Th? Thu Th?o', '1993-01-27', N'N?', '012345679094', '0977111124', 'tran.thi.thu.thao@example.com', 'password1GE', 2),
('NV195', N'Lê Trung Hi?u', '1995-06-09', N'Nam', '012345679095', '0977111125', 'le.trung.hieu@example.com', 'password1GE', 1),
('NV196', N'Ph?m H?ng Vân', '1999-10-22', N'N?', '012345679096', '0977111126', 'pham.hong.van@example.com', 'password1GE', 2),
('NV197', N'Hoàng ?ình Tùng', '1988-08-24', N'Nam', '012345679097', '0977111127', 'hoang.dinh.tung@example.com', 'password1GE', 1),
('NV198', N'Hu?nh Kim Ngân', '1994-12-16', N'N?', '012345679098', '0977111128', 'huynh.kim.ngan@example.com', 'password1GE', 2),
('NV199', N'Phan Ng?c Tân', '1991-04-08', N'Nam', '012345679099', '0977111129', 'phan.ngoc.tan@example.com', 'password1GE', 1),
('NV200', N'V? Th? Kim Hu?', '1987-07-30', N'N?', '012345679100', '0977111130', 'vu.thi.kim.hue@example.com', 'password1GE', 2);
GO